;ID;positveSentimentScore;negativeSentimentScore;sentimentScore;text
1;8.16E+22;1;-5;;Garantiert neuer Prüfzyklus für Auto-Abgaswerte das Ende der Schummeleien der Hersteller? Leider nein! #Dieselgate 
2;8.16E+22;1;-5;;Manchmal kann man an seiner eigenen Kirche verzweifeln! #EKD 
3;8.18E+22;1;-5;-1;Wie verzweifelt müssen @Die_Gruenen sein! Keine Themen, keine politische Botschaft mehr. Nur noch #Politikplacebos. 
4;8.18E+22;1;-5;;Wie verzweifelt müssen @Die_Gruenen sein! Keine Themen, keine politische Botschaft mehr. Nur noch #Politikplacebos. 
5;8.18E+22;1;-5;;Um jedem #Attentäter gleich eine weltweite #politische  Dimension zu geben. Ich halte das für völlig falsch! 
6;8.20E+22;1;-5;;Das ist leider keine gute Nachricht für die #Volkspartei @CDU! @SteinbachErika 
7;8.21E+22;1;-5;;„Halt die Klappe, ich hab’ Feierabend.“ Ich lese gerade, dass Schildkröte gestorben ist. Traurig! Wer sitzt dann bei Dittsche und Ingo?
8;8.21E+21;1;-5;;@Dragonhaert67 @spdbt Weil die CDU/CSU und FDP dagegen waren und es 2012, als der Antrag gestellt wurde, dafür keine Mehrheit gab. Leider!
9;8.21E+22;1;-5;;Schon wieder ein Schneider-Buch...<f0><U+009F><U+0098><U+0089> Notfalls streite ich mit @UlrichSchneider persönlich bei dem Thema! @1305SaJo @MBMarcusBrumme
10;8.22E+22;1;-5;;#Höcke #AfD zeigt sich als geistiger Vertreter des fürchterlichen braunen Sumpfs unserer Vergangenheit - deshalb trockenlegen!
11;8.22E+22;1;-5;;#Yolocaust: Selfie-Kultur auf Berliner Mahnmal trifft Geschichte der Vernichtungslager. Erschreckend und stark! 
12;8.22E+22;1;-5;-1;Hass und Hetze haben mit Meinungsfreiheit nichts zu tun! 
13;8.22E+22;1;-5;-1;Die  grausamste Rede , die ich von einem US -Präsidenten gehört habe! Gefährlich!
14;8.22E+22;1;-5;;Die  grausamste Rede , die ich von einem US -Präsidenten gehört habe! Gefährlich!
15;8.23E+22;1;-5;;Die  grausamste Rede , die ich von einem US -Präsidenten gehört habe! Gefährlich!
16;8.23E+22;1;-5;;Die  grausamste Rede , die ich von einem US -Präsidenten gehört habe! Gefährlich!
17;8.23E+22;1;-5;;Die  grausamste Rede , die ich von einem US -Präsidenten gehört habe! Gefährlich!
18;8.23E+22;1;-5;-1;@UdoWolfMdA Sie sind echt der Knaller. Dieser Beitrag ist so niveaulos. Schämen Sie sich!
19;8.24E+22;1;-5;;Brüllend komisch! <ed><U+00A0><U+00BD><ed><U+00B8><U+0082> @extra3 
20;8.24E+22;1;-5;;Leider war das Max Planck Institut beratungsresistent! 
21;8.24E+22;1;-5;;Horror - so eine Person als Kollegen im Bundestag - gilt nur eins #Gegenhalten ! 
22;8.25E+22;1;-5;;Gut, dass #Höcke nicht dabei er - er ist ja leider nicht mehr lernfähig!
23;8.26E+22;1;-5;-1;@Micha_BILD Was für ein fürchterliches, fürchterliches Chaos. Qualitätsjournalismus anno 2017.
24;8.26E+22;1;-5;;Der Berliner rot-rot-grüne Senat leider nicht! 
25;8.26E+22;1;-5;;Der Berliner rot-rot-grüne Senat leider nicht! 
26;8.27E+22;1;-5;-1;Nein, Herr Erdogan: Islam und Frieden sind leider nicht das Gleiche!#AfD #Türkei #Erdogan
27;8.27E+22;1;-5;;Nein, Herr Erdogan: Islam und Frieden sind leider nicht das Gleiche!#AfD #Türkei #Erdogan
28;8.28E+21;1;-5;;In der Türkei setzt sich Merkel für die Rechte der Opposition ein. In Deutschland leider nicht!#AfD #Türkei /cb 
29;8.29E+22;1;-5;;@Tobias_Schulze oh, die Einladung hab ich auch bekommen. Aber leider, leider habe ich da schon was anderes vor...
30;8.29E+22;1;-5;;Leider geil! <ed><U+00A0><U+00BD><ed><U+00B8><U+0082> 
31;8.29E+22;1;-5;-1;Unsere Berliner Schulen müssen endlich saniert werden - der Senat ist leider hilflos überfordert!#AfD #Berlin
32;8.29E+22;1;-5;-1;Historischer Park wird dem Erdboden gleichgemacht, um weitere Asylunterkunft in Rekordtempo hochzuziehen. Traurig!
33;8.30E+22;1;-5;;Sehr peinlich! 
34;8.30E+22;1;-5;-1;Schulz vergleicht #AfD mit NPD: Dieser Mann verunglimpft Millionen unserer Wähler - er leidet unter Wahnvorstellungen!
35;8.30E+22;1;-5;;Schulbaugeschichte wird geschrieben! #r2g 
36;8.30E+22;1;-5;-1;Hass,Hetze und FakeNews sind ätzend!Dank an @Die_Gruenen Netzfeuerwehr,dass ihr euch kümmert und aufdeckt. 
37;8.31E+22;1;-5;;Als Bürgerin und als Mitglied des Ausschusses ärgert mich die Ignoranz von Piëch gegenüber dem Ausschuss zutiefst!
38;8.31E+22;1;-5;-1;Schlimm solche Banner zu sehen - aber das diese von @fcstpauli  Fans kommen, erschreckt mich doch umso mehr! 
39;8.31E+22;1;-5;;Scheint leider, eine passende Karikatur zu sein!<ed><U+00A0><U+00BD><ed><U+00B8><U+0082> 
40;8.32E+22;1;-5;;Leider kann ich wegen der Berliner Sitzungswoche nicht teilnehmen - bin aber in Gedanken dabei! 
41;8.32E+22;1;-5;-1;Immer wieder #Pohlmann. Legt dieser Tier+Menschen verachtenden Geflügel-Züchter-Dynastie endlich das Handwerk! @reportmuenchen
42;8.32E+22;1;-5;-1;Das Schlimme ist, dass wir Trump und seinen Leuten alles zutrauen - aber leider nichts Gutes! 
43;8.33E+22;1;-5;-1;Sehr, sehr traurig. Lange Jahre hat man Meyenburg im Glauben gelassen es könnte mit dem Quartier klappen. Wir... 
44;8.34E+22;1;-5;;Leider ist unsere StartUp Night! im BMWi morgen rund um die Luft-und Raumfahrt schon ausgebucht @BMWi_Bund @DroneMastersBER @bdlipresse
45;8.35E+22;1;-5;-1;Wie leider allzuoft: #Vandalismus! 
46;8.36E+22;1;-5;-1;Mit @WilmsVal verlieren @GrueneBundestag eine geschätzte Kollegin der Abteilung #StraightTalk Sehr schade!
47;8.36E+22;1;-5;;Erschreckend! @SZ @BMI_Bund 
48;8.36E+22;1;-5;;Erschreckend! @SZ @BMI_Bund 
49;8.37E+22;1;-5;-1;Fürchterlich- Mein Mitgefühl den Angehörigen! 
50;8.37E+22;1;-5;-1;Islamisten töten eine deutsche Geisel!#AfD #Terror
51;8.37E+22;1;-5;-1;Das @AuswaertigesAmt war einmal ein Haus mit einer klaren Haltung. Das ist dermaßen beschämend, @sigmargabriel! 
52;8.37E+22;1;-5;;#Berlin leidet unter Rot-Rot-Grün! #AfD #R2G
53;8.39E+22;1;-5;-1;@ismail_kupeli Einfach ekelhaft! Natürlich sind wir politische Konkurrenten, aber dieser Menschenfeindlichkeit müssen wir gemeinsam wehren.
54;8.39E+22;1;-5;;@yirmidorttv Einfach ekelhaft! Natürlich sind wir politische Konkurrenten, aber dieser Menschenfeindlichkeit müssen wir gemeinsam wehren.
55;8.39E+22;1;-5;;Gesetzesnovelle - Ach, das #Völkerrecht - #Transparenz und #Offenlegung mit der @cducsubt? Leider nein! 
56;8.39E+22;1;-5;;Leider streikt unser #Plenarticker heute - die IT bemüht sich um eine Lösung! #hbbue #technikdiebegeistert
57;8.39E+22;1;-5;-1;Nordrhein-Westfalen | Anstieg um ¼: Asylbewerber haben als Sexualstraftäter leider nicht viel zu befürchten!<U+27A1><U+FE0F> 
58;8.40E+22;1;-5;;@OlafWedekind Streik auf dem Rücken von Dritten ist leider immer schlecht!
59;8.40E+22;1;-5;;@redaktion42 @victor5679 @FESonline weil es mal eine Zeit gab, in der Hessen vorn das Markenzeichen Hessen's war. Lang ist es her. Leider!
60;8.40E+22;1;-5;-1;Solange zwei Männer eine Frau spontan vergewaltigen können, ist Berlin nicht sicher!#AfD #Ostbahnhof /hm
61;8.40E+22;1;-5;;@mathiasrichel Geschrieben auf der Fahrt ins Saarland! Kollege Maas hat auch einen Account, der aber oft von Mitarbeitern gepflegt wird
62;8.41E+22;1;-5;-1;@d__iliev @Junge_Union Das ist echt widerlich!
63;8.41E+21;1;-5;-1;Sehr traurig: 
64;8.41E+22;1;-5;-1;@ArminLaschet, sie sind einfach nur ein unglaublicher Ignorant, ein respektloser Tweet, erbärmlich, schämen Sie sich! @MartinSchulz @spdbt
65;8.41E+22;1;-5;;@MatthiasMeisner nein, ist ein ganz konkretes, sehr trauriges Beispiel, dass diese Diskussion nur in D theoretisch geführt wird.
66;8.41E+22;1;-5;-1;@Reiner_Ha @AndiScheuer Offensichtlich schützt ein Professorentitel nicht vor ignorant-rassistischem Bockmist? Schämen Sie sich!
67;8.42E+22;1;-5;;@socialhubBT jetzt wird es aber wirklich verzweifelt...
68;8.42E+21;1;-5;;Hass, Diskriminierung, Gewalt nicht hinnehmen! Friedlich Herz und Gesicht zeigen #le1803 Leipziger Appell
69;8.42E+21;1;-5;;@AlexanderDinger @Djeron7 @bene_lux Leider traurig!
70;8.42E+22;1;-5;;. @SilkeGebel @MarioCzaja @SebCzaja Absolut. Diese selbst füllenden Funktionen des Telefons, furchtbar! Ich entschuldige mich bei MC.
71;8.44E+22;1;-5;;Scheint leider ziemlich real! 
72;8.44E+22;1;-5;;Die 32% für die @spdde freuen mich -  aber die 11,5% für die AfD schmerzen mich sehr! 
73;8.44E+22;1;-5;;Hass ist keine Meinung! @AnkeRehlinger @HeikoMaas @CulchaBerlin @ElaizaBand #anke17 #ltw17 #MSfV 
74;8.45E+22;1;-5;-1;Joachim Gauck: Fürchten Sie sich nicht vor den bösen Trollen, die im Internet Hass und Furcht verbreiten!<f0><U+009F><U+0091><U+008D><f0><U+009F><U+0091><U+008D><f0><U+009F><U+0091><U+008D><f0><U+009F><U+0091><U+008D><f0><U+009F><U+0091><U+008D><f0><U+009F><U+0091><U+008D>
75;8.45E+22;1;-5;;Joachim Gauck: Fürchten Sie sich nicht vor den bösen Trollen, die im Internet Hass und Furcht verbreiten!<f0><U+009F><U+0091><U+008D><f0><U+009F><U+0091><U+008D><f0><U+009F><U+0091><U+008D><f0><U+009F><U+0091><U+008D><f0><U+009F><U+0091><U+008D><f0><U+009F><U+0091><U+008D>
76;8.45E+22;1;-5;;Erschreckende Zahlen! 
77;8.45E+21;1;-5;;Kerker (AfD): Rot-rot-grün hat sich doch auf die Fahnen geschrieben, alle Menschen zu retten - dann machen sie das doch auch! #AGH
78;8.45E+22;1;-5;;@krk979 @WittgensteinAfD Aufforderung zur Gesinnungsschnüffellei und zur Denunziation. Ekelhaft!
79;8.46E+22;1;-5;;Moin. Ich hasse diese Zeitumstellungen!
80;8.46E+21;1;-5;;War heute leider nur in Gedanken dabei, trage #pulseofeurope aber weiter! 
81;8.46E+22;1;-5;;Berlin, Welthauptstadt der #Digitalisierung? Leider nein! @BuBernd kritisiert, dass ein umfassendes Konzept fehlt. 
82;8.47E+22;1;-5;-1;Der wachsende Linksterrorismus in Deutschland wird leider immer noch unterschätzt und verharmlost! 
83;8.47E+22;1;-5;;Wir wollen Untersuchungsausschuss zum Fall #Amri. Koalition argumentiert leider dagegen. (CDU verweigert sich noch immer.) Traurig! TC
84;8.47E+22;1;-5;;Die Karikatur scheint leider so real!?!<ed><U+00A0><U+00BD><ed><U+00B8><U+0082> 
85;8.48E+22;1;-5;;Hallitzky: CSU-Politik: Angst essen Seele auf! #kpt17
86;8.48E+22;1;-5;;Ich finde es wirklich sehr schade, dass die Parteien sich nichtmal bei diesem Thema einigen können!
87;8.49E+22;1;-5;;Ich bin auch besorgt!Niemals wieder, nur als Lippenbekenntnis? 
88;8.49E+22;1;-5;-1;Grausam! #Syrien 
89;8.51E+22;1;-5;-1;Horror - wir können Menschen so etwas machen!?! 
90;8.51E+22;1;-5;;Wundert mich leider gar nicht! 
91;8.52E+22;1;-5;;Die 10% für die AfD schmerzen! 
92;8.53E+22;1;-5;;#Grüne und #inneresicherheit halt. Erschreckend! 
93;8.54E+22;1;-5;;Wirklich deprimierende Ergebnisse der <ed><U+00A0><U+00BC><ed><U+00B7><U+00B9><ed><U+00A0><U+00BC><ed><U+00B7><U+00B7>-Pässler in  <ed><U+00A0><U+00BC><ed><U+00B7><U+00A9><ed><U+00A0><U+00BC><ed><U+00B7><U+00AA>: Darauf lässt sich nur ganz schwer aufbauen...
94;8.54E+21;1;-5;;Ein trauriger Tag für die #Freiheit! #Europa darf demokratischen Kräfte nicht im Stich lassen. #türkei #referendum 
95;8.54E+22;1;-5;;57,8% Zustimmung in Frankfurt - erschreckend! 
96;8.55E+22;1;-5;;Die 10% für die AfD schmerzen sehr!  #UlliNissen 
97;8.55E+22;1;-5;-1;Bundestagskandidat der  neuen Rechten Partei AFD versucht einen grausamen Mörder rein zuwaschen! Wie widerlich!!! 
98;8.55E+22;1;-5;;Leider häufen sich diese Meldungen beinahe täglich!Das Sicherheitsgefühl, der Schwerinerinnen und Schweriner... 
99;8.55E+22;1;-5;-1;Ekelhafte Bande!#NieWiederRechts: AfD-Politiker Jens Maier äußert Verständnis für Rechtsterrorist Anders Breivik 
100;8.56E+22;1;-5;-1;Wir sind sehr traurig. @fdp 
101;8.56E+22;1;-5;;Wir sind sehr traurig. @fdp 
102;8.56E+22;1;-5;;Und weil das leider die Realität jeden Tag ist, machen wir das heute! #FahrenStattWarten 
103;8.57E+22;1;-5;;Und weil das leider die Realität jeden Tag ist, machen wir das heute! #FahrenStattWarten 
104;8.57E+22;1;-5;;Eine wirklich schlimme Nachricht! Als Außenstehender kann man kaum ermessen, wie viel Unheil dieser Mensch... 
105;8.57E+21;1;-5;-1;Erschreckend! 
106;8.57E+22;1;-5;-1;Hinrichtungen in Arkansas - #Todesstrafe ist grausam und unmenschlich!  
107;8.57E+22;1;-5;;Bitter! #BMGSGE #fohlenelf schön gespielt, leider raus! #fohlenimbundestag mit @HajdukBundestag #GülistanYüksel
108;8.57E+22;1;-5;;Ich bin über Trump 100% traurig+wütend! 
109;8.57E+22;1;-5;-1;Das soll fairer Wahlkampf sein? Ekelhaft! Vorwurf „Verdi-Schlampe“ – CDU stellt SPD Ultimatum für Entschuldigung 
110;8.57E+22;1;-5;;#CumEx: „UA hat seinen Job erfüllt. Die Skrupellosigkeit der Banken hat mich sehr erschreckt, sagt @Schwarz_MdB 
111;8.58E+22;1;-5;;Reden und Handeln klaffen leider beim #Klimaschutz meilenweit auseinander! 
112;8.58E+22;1;-5;;25.000 Smartphones im Stadion und ich krieg keine Verbindung? Fies! 
113;8.58E+22;1;-5;;Es ist leider Krieg – und ich begehre Nicht schuld daran zu sein! Alexander Netschajew sagte es mit Claudius: 
114;8.59E+22;1;-5;-1;Neuer Ferien-Trend bei Moslems: Minderjährige für einen (1) Sommer heiraten und vergewaltigen ist total angesagt!
115;8.59E+22;1;-5;;Kundgebungsredner sprechen zur Politik-leider ausser mir keine anderen Abgeordneten da! #Stuttgart #1.Mai @spd0711 
116;8.60E+22;1;-5;-1;Frau Dr. Merkel hat mir ihre vollste Unterstützung zugesagt. ICH HABE ANGST!
117;8.60E+22;1;-5;;Leider bin ich immer noch in Berlin und kann nicht wie geplant 21 Uhr bei #pierf  sein - SCHADE! 
118;8.60E+22;1;-5;;Leider traue ich Umfragen nicht mehr! 
119;8.61E+22;1;-5;-1;Die Katze ist aus dem Sack: die @SPDSH legt sich für den Machterhalt auch mit der Linken ins Bett. Furchtbar!  #ltwsh
120;8.61E+22;1;-5;;Seit Jahren werden Bewohner und Gewerbetreibende am #EppendorferBaum und am #Klosterstern malträtiert. Schrecklich! 
121;8.61E+22;1;-5;;Die Katze ist aus dem Sack: die @SPDSH legt sich für den Machterhalt auch mit der Linken ins Bett. Furchtbar!  #ltwsh
122;8.61E+21;1;-5;;Da ist aber jemand verzweifelt! 
123;8.61E+22;1;-5;;Die Katze ist aus dem Sack: die @SPDSH legt sich für den Machterhalt auch mit der Linken ins Bett. Furchtbar!  #ltwsh
124;8.62E+21;1;-5;;Traurige Leute, die solche Schlagzeilen produzieren! @BILD @BILD_Politik @spdbt @BayernSPD 
125;8.62E+22;1;-5;;INKLUSION soll in Koalition GROß geschrieben werden! so @ElkeBreitenbach auf Empfang @ParitaetBerlin @teilhabebewegt 
126;8.63E+22;1;-5;-1;sehr sehr schade! 
127;8.64E+22;1;-5;-1;Das ist eine wirklich traurige Nachricht. <f0><U+009F><U+0098><U+00A3> #Israel #ESC2017
128;8.64E+22;1;-5;-1;Ekelhafte Hetze von #Plickert @gdp_nrw ! #GdP macht Anti #AfD Propaganda. Der Typ soll ja #SPD Mitglied sein. 
129;8.64E+22;1;-5;;Ja, ich bin heute sehr traurig für meine sozialdemokratischen  Freunde in NRW. Glückwunsch an die Wahlsieger.
130;8.64E+22;1;-5;-1;Gratulation an die CDU und FDP. Bin natürlich sehr traurig und enttäuscht.
131;8.64E+20;1;-5;;Schreck! Verbindungen in die linke Szene von #Connewitz. #Polizei #Leipzig  hat RB-Fanszene im Blick 
132;8.64E+22;1;-5;;Schreck! Verbindungen in die linke Szene von #Connewitz. #Polizei #Leipzig  hat RB-Fanszene im Blick 
133;8.64E+22;1;-5;;#Nazi-V-Mann aus Ostsachsen besorgte 2000 einen Koller voller Waffen! Das kam gestern im #NSUUA #Sachsen raus. Mehr: 
134;8.65E+22;1;-5;;#Nazi-V-Mann aus Ostsachsen besorgte 2000 einen Koller voller Waffen! Das kam gestern im #NSUUA #Sachsen raus. Mehr: 
135;8.65E+22;1;-5;;Leider kann ich wegen der Sitzungswoche in Berlin nicht dabei sein!  #UlliNissen 
136;8.65E+22;1;-5;;Zum Beispiel #Versichertengemeinschaft der DAK - #Tarnmanöver einer egoistischen Vereinigung! 
137;8.66E+22;1;-5;;Kann ich leider aus meinem Wahlkreis bestätigen - Verhalten von #DocMorris #Versandapotheke äußerst schwierig! 
138;8.66E+22;1;-5;;Kann ich leider aus meinem Wahlkreis bestätigen - Verhalten von #DocMorris #Versandapotheke äußerst schwierig! 
139;8.67E+21;1;-5;-1;Tote, Verletzte, so viel Leid in Manchester, wie schrecklich! Ein Anschlag bei einem Konzert,heimtückisch - es fehlen die angemessenen Worte
140;8.67E+22;1;-5;;Das fürchterlich homogene Japan muss fast vollkommen auf Kriminalität verzichten - so traurig!
141;8.67E+22;1;-5;;Alles sehr traurig. Ich schaue jetzt Octopussy. Und danach die Wildgänse. RIP, Roger Moore.
142;8.67E+22;1;-5;-1;Ich bin entsetzt und sehr traurig. Die Opfer sind Kinder. Meine Gedanken sind bei den Angehörigen und den Verletzten #manchester
143;8.68E+21;1;-5;;Leider kann ich nicht dabei sein! 
144;8.68E+22;1;-5;;Schamlos beschaemen- Shamestorms, Onlinepranger, Diskussion auf dem DEKT in Berlin u.a. mit Ines Pohl, Dieter Thoma
145;8.69E+22;1;-5;;Sehr schade @Eintracht #SGE toll gekämpft! Glückwunsch @BVB #Pokalsieger2017 #SGEBVB Gruß nach Berlin @danielmack @marcusbocklet @nouripour
146;8.69E+22;1;-5;;Bernie Sanders unter US-Präsident Trump: Aufrecht, ernsthaft und sehr zornig 
147;8.69E+22;1;-5;;Sehr traurig. Alles Gute, Erwin Sellering. 
148;8.70E+22;1;-5;-1;Abschiebungen nach #Afghanistan wegen furchtbaren Anschlags nur HEUTE gestoppt! Ist es für #deMaizière MORGEN wieder sicheres Herkunftsland?
149;8.70E+21;1;-5;;Aus für Hygieneampel? Schwarzgelb kommt, #Verbraucherschutz muss weichen. So läuft es leider immer! #NRW 
150;8.70E+22;1;-5;;So, Büro ist leergeräumt. Ab morgen dann kein Abgeordneter mehr. Schön war es. Leider nicht so ergiebig wie gehofft, dennoch viel erreicht!
151;8.70E+22;1;-5;;Traurig ist es eine GG gesicherte Planungssicherheit der neuen Bundesländer als rausreden zu bezeichnen! 
152;8.70E+22;1;-5;-1;Ätzend - leider habe von dieser Person #Trump nichts anderes erwartet!<ed><U+00A0><U+00BD><ed><U+00B8><U+00A3><ed><U+00A0><U+00BD><ed><U+00B8><U+0095> 
153;8.71E+22;1;-5;;Erst Hermann #Göring... dann Norbert #Lammert: Traurige Beispiele für den Umgang mit #Alterspräsidenten! #Bundestag #btw #btw2017 #afd
154;8.71E+21;1;-5;;Das war unsere Grafik zum #Kindertag 2016. Das Thema ist leider immer noch aktuell! 
155;8.71E+22;1;-5;;Totaler Verlierer, so traurig! - Greenpeace-Projektion an der Fassade der US-Botschaft heute Morgen in Berlin (dmo) 
156;8.71E+22;1;-5;-1;Totaler Verlierer, so traurig! - Greenpeace-Projektion an der Fassade der US-Botschaft heute Morgen in Berlin (dmo) 
157;8.71E+22;1;-5;-1;Furchtbar! 
158;8.71E+22;1;-5;-1;Schrecklich, ein Bekannter schreibt mir gerade, dass in London auch Schüsse fallen. Es ist einfach schrecklich! @BZ_NachtFloh @GdP_Berlin
159;8.71E+22;1;-5;-1;Schön blöd. Nein, nicht nur blöd - ekelhaft! 
160;8.72E+22;1;-5;;Besorgt sein reicht nicht @DFB Chef muss handeln! Katar-Isolation: DFB-Präsident Grindel besorgt via @zeitonline 
161;8.72E+22;1;-5;;Verantwortl. für rechtswidrige #BrennelementeSteuer waren Merkel &amp
162;8.74E+22;1;-5;;Das ist voll gruselig!!  
163;8.74E+22;1;-5;;Bei der #AfD gibts WUT!, bei @CDU wird gelacht &amp
164;8.75E+22;1;-5;;Es ist leider #BIld die die Doku #Antisemitismus in Europa zeigt , sie ist für Stunden online - trotzdem  ansehen! 
165;8.75E+22;1;-5;-1;Tödlicher Unfall: Mein aufrichtiges Beileid den Angehörigen. Leider fällt Arbeitsschutz meist dem Profit zum Opfer! 
166;8.75E+22;1;-5;-1;Traurige Bilanz! - 15 330 Flüchtlinge aus Syrien leben in Berlin von Hartz IV 
167;8.76E+22;1;-5;;Noch heute macht mich der Tod von #JoCox traurig! 
168;8.76E+22;1;-5;-1;Sehr traurig. Einer dieser Tage mit einem Moment, den man nie mehr vergisst.
169;8.76E+22;1;-5;-1;Ich bin heute sehr traurig! #helmutkohl
170;8.76E+22;1;-5;;Ein sehr trauriger Tag für Deutschland, Europa und die Welt. #HelmutKohl 
171;8.76E+22;1;-5;;Fazit Berlin: die Identitären sind eine unberechenbare extrem aggressive &amp
172;8.76E+22;1;-5;-1;Sie haben den IS-Terror überlebt und sind nun schwer traumatisiert: Jesidische Kinder brauchen dringend Hilfe! 
173;8.76E+22;1;-5;;Fazit Berlin: die Identitären sind eine unberechenbare extrem aggressive &amp
174;8.77E+22;1;-5;-1;Schrecklich! Meine Anteilnahme geht nach Portugal. Dreitägige Staatstrauer - Viele Tote bei Waldbrand in Portugal 
175;8.77E+22;1;-5;;Tun wir etwas , wo der Krieg den Kindern die Zukunft raubt!! #Kindheitbrauchtfrieden 
176;8.77E+22;1;-5;;Angst nein, Sorge ja! - Geldjäger Walter-Borjans hat Angst um politisches Erbe 
177;8.78E+22;1;-5;;Fußball &amp
178;8.78E+22;1;-5;;#R2G bedient sich selbst.Der Berliner Senat leitet, leitet, leitet. Der Steuerzahler leidet, leidet, leidet. 
179;8.78E+22;1;-5;-1;Es ist ekelhaft: Antisemitismus-Skandal!: Israel-Gegner beleidigen Holocaust-Überlebende (via @berliner_kurier.de) 
180;8.78E+22;1;-5;;Retweeted Henry Bernhard (@henry_bernhard):Es ist ekelhaft: Antisemitismus-Skandal!: Israel-Gegner beleidigen... 
181;8.78E+22;1;-5;;Es ist ekelhaft: Antisemitismus-Skandal!: Israel-Gegner beleidigen Holocaust-Überlebende (via @berliner_kurier.de) 
182;8.79E+22;1;-5;-1;Armselig, armseliger, #martinschulz Ein Anschlag auf Demokratie ist es, sich vor Amt in #regierung zu drücken und dann zu mosern! #spdbpt
183;8.79E+20;1;-5;;Ringelpiez mit Anfassen oder ein verzweifeltes aneinander Festklammern...?!? #schulzmitlustig 
184;8.79E+22;1;-5;-1;Franz Schwarz ist gestorben.Ich bin sehr traurig.Pass' auf Dich auf. 
185;8.79E+22;1;-5;;Genau, schließlich hat die CDU ja kein Konzept dazu. Wäre daher voll fies darüber vor einer Wahl zu reden. 
186;8.79E+22;1;-5;;hab (leider, durch eine Ausladung) morgen und übermorgen unverhoffte Zeit, die ich (Hurra!) einfach so verbringen... 
187;8.80E+22;1;-5;;Genau, schließlich hat die CDU ja kein Konzept dazu. Wäre daher voll fies darüber vor einer Wahl zu reden. 
188;8.80E+22;1;-5;;. och wie traurig! Alexandra #Kassen gestorben. Viele Künstler verdanken ihr ihre Karriere. RIP Du getreue Sozialdemokratin <U+2764> #Senftöpfchen
189;8.80E+22;1;-5;;leider haben cdu und csu dagegen gestimmt! 
190;8.80E+22;1;-5;;@tobiaslindner Hättet ihr sie mit uns runternehmen müssen. So entsteht ein sehr falscher Eindruck über eure Position!
191;8.80E+22;1;-5;-1;Extrem traurig.. 
192;8.80E+22;1;-5;-1;Horst-Dieter Brähmig ist tot. @dieLinke hat dem ersten OB der PDS viel zu danken. Ich bin sehr traurig + gedenke seiner voller Hochachtung.
193;8.80E+22;1;-5;;4 Jahre GroKo, leider 4 verlorene Jahre für die#Abrüstung - Höchste Zeit für mehr Mut! #zukunftwirdausmutgemacht 
194;8.80E+22;1;-5;;#ACHTUNG #ABSAGE Wir müssen das #jufo17 für morgen leider und schweren Herzens ABSAGEN! Aufgrund des Unwetters... 
195;8.81E+22;1;-5;;Das Wetter wird diesem heutigen Feiertag leider gar nicht gerecht! #Ehefueralle #Bundestag
196;8.81E+22;1;-5;;Offener Brief an den Bundestagspräsidenten: „Ihr Verhalten ekelt mich an, Herr Lammert!“ <ed><U+00A0><U+00BD><ed><U+00B1><U+008D> 
197;8.82E+22;1;-5;;Offener Brief: „Ihr Verhalten ekelt mich an, Herr Lammert!“ 
198;8.82E+22;1;-5;;Idee von @HeikoMaas alles andere als neu. Der Minister hat leider keinerlei Plan, was die genaue Ausgestaltung angeht! #Digitalagentur
199;8.82E+21;1;-5;-1;#busunglueck : Ich gedenke traurig der Toten, bete für die Verletzten, fühle mit den Angehörigen und fordere Technik gegen Auffahrunfälle!
200;8.83E+22;1;-5;-1;Mord und Totschlag in Sachsen inzwischen auf der Tagesordnung! #AfD #Hütter  
1;8.83E+22;1;-5;-1;Mord und Totschlag in Sachsen inzwischen auf der Tagesordnung! #AfD #Hütter  
2;8.83E+22;1;-5;;Spannend. Besonders traurig ist die Forderung nach dem Rückkehrrecht aus der Teilzeit, das hätte die #CDU / #CSU... 
3;8.83E+22;1;-5;-1;Ganz Hamburg hasst den schwarzen Block - Haut ab- haut ab - haut ab !!!! #G20HH2017 #G20 #G20HH17 #G20Ham17 #G20Ham17 #g20 #G20Gipfel
4;8.83E+21;1;-5;;Ganz Hamburg hasst den schwarzen Block - Haut ab- haut ab - haut ab !!!! #G20HH2017 #G20 #G20HH17 #G20Ham17 #G20Ham17 #g20 #G20Gipfel
5;8.83E+22;1;-5;-1;Videos zeigen sinnlose und erschreckende Gewalt des schwarzen Blocks: DIE SCHANDE VON #HAMBURG! #G20HAM17 #G20ham  
6;8.83E+22;1;-5;-1;Um den üblen Diffamierungen nur einmal entgegenzutreten: Mein Sohn ist weder in Hamburg noch hat er was mit Gewalt zu tun. Das ist ekelhaft!
7;8.84E+22;1;-5;;Ich bin leider nicht in Hamburg! Ich höre und lese aber Meldungen über eine (kleinere) Horde, die Schaufenster... 
8;8.84E+22;1;-5;;Erschreckend, ja krass! Das muss uns aufrütteln: wohin geht die Reise unserer Gesellschaft, unserer Demokratie? 
9;8.84E+22;1;-5;;Leider Realität und von rot-grün gewollt! Hamburg: Konsequenz einer Kuschelpolitik mit Linksextremen  via @welt
10;8.84E+21;1;-5;;@StriegSe Leider verstehen Sie meine Frage nicht! Darum nochmal: Distanzieren Sie sich von der Antifa und dem schwarzen Block? Ja oder nein?
11;8.85E+22;1;-5;-1;Den #Naturschutz stärken an der Grenze zu #Tschechien ist für #Staatsregierung kein Thema. Traurig! #GrünesBand 
12;8.85E+22;1;-5;;#G20HH17 : Wir hätten den anderen Vorbild in Sachen #Pressefreiheit sein müssen. Waren es scheinbar nicht.Traurig! 
13;8.85E+22;1;-5;;Endlich - die Schuldenuhr ist wieder da.....Wir hatten sie auch schon sehr vermisst!#NRW 
14;8.85E+22;1;-5;;@GYGeorg @SilkeGebel @clubcommission @_musicboard Die haben deinen Namen falsch geschrieben, immerhin dich nicht verwechselt
15;8.85E+22;1;-5;;Das waren erschreckende Bilder gestern abend!Wir Grüne fordern daher eine Sondersitzung des Agrarausschusses #ltnrw
16;8.85E+21;1;-5;;.@m_dueker &amp
17;8.85E+21;1;-5;;.@m_dueker &amp
18;8.85E+21;1;-5;;.@m_dueker &amp
19;8.85E+21;1;-5;;.@m_dueker &amp
20;8.86E+22;1;-5;;.@m_dueker &amp
21;8.86E+21;1;-5;-1;Polizei hat sich während #G20 extrem brutal Verhalten - erst jetzt wird ein Übergriff in Bahrenfeld bekannt 
22;8.86E+22;1;-5;;Ihr Fraktionsvorsitzender bedauert das sehr. Ist aber trotzdem (leider) richtig. @Halina_Waw @Linksfraktion 
23;8.87E+21;1;-5;-1;Die Justizreformen in #Polen sind eine Beendigung der Unabhängigkeit der Justiz vom Staat. Traurige Entwicklung! 
24;8.88E+22;1;-5;-1;Schulen vor dem Kollaps: Lehrer verzweifeln an Flüchtlings-Willkommensklassen!  #AfD #Hütter #TrauDichDeutschland 
25;8.89E+22;1;-5;;@cducsubt @stephanharbarth traurig, traurig. Er sollte doch wenigstens wissen was seine Fraktion gemacht hat.
26;8.90E+22;1;-5;-1;Viel zu früh hat Amir sich von uns verabschiedet. Ich bin sehr traurig<ed><U+00A0><U+00BD><ed><U+00B8><U+00AD> 
27;8.90E+22;1;-5;;Wir sind sehr besorgt über die weiteren Verzögerungen bei der Neugestaltung der Ortsmitte und kritisieren die... 
28;8.90E+22;1;-5;;@TomSchreiberMdA @BILD_Berlin Heinz hat wie immer keine Ahnung und bekommt für die Beträge leider auch noch Geld!
29;8.91E+22;1;-5;;Schrecklich! 
30;8.91E+22;1;-5;-1;Ich bin noch völlig geschockt und sehr traurig über die Tat eines Einzelnen...  #Barmbek 
31;8.92E+22;1;-5;;Schade - aber leider zu Recht! 
32;8.94E+22;1;-5;-1;Das ist echt furchtbar traurig. 
33;8.94E+22;1;-5;;Therapie-Angebote für traumatisierte #Geflüchtete: Korrekte Diagnose, unzureichende Behandlung - Angebote ausbauen!  
34;8.95E+22;1;-5;;Sehr traurig. Durfte ihn 2016 im V&amp
35;8.96E+22;1;-5;;#Digitalpakt: Leider nur Wahlkampfgetöse! Es stockt beim Digitalpakt für Schulen via @tagesspiegel #MutluDirekt
36;8.96E+22;1;-5;;Wenn sich drei streiten, leidet das Landesverwaltungsamt. Wäre mal innovativ, wenn mehr Personal eingestellt würde.
37;8.96E+22;1;-5;;#Digitalpakt: Leider nur Wahlkampfgetöse! Es stockt beim Digitalpakt für Schulen via @tagesspiegel #MutluDirekt
38;8.96E+22;1;-5;;MP Weil: Macht darf niemals Selbstzweck sein. Sie muss immer Mittel zum Zweck sein. Sehr traurig, dass man die CDU daran erinnern muss.
39;8.96E+22;1;-5;-1;Skrupellos wird Afrika  ausgeraubt - #Panama Papers beschreiben wie!
40;8.96E+22;1;-5;;Der @GruenMeyer knackig: Ich freue mich, dass die SchülerInnen, die unter Althusmann gelitten haben, jetzt wahlberechtigt sind! #ldknds
41;8.96E+21;1;-5;;Jede #Asylrechtsverschärfung lässt sich an Patient*innen ablesen. Mehr support für traumatisierte #Geflüchtete! 
42;8.98E+22;1;-5;;Sei kein Trottel antirassistische Aufklärung ist nicht von gestern, sondern leider sehr aktuell! 
43;8.98E+22;1;-5;;Lage ändert nichts daran, dass man an vergangenen Unternehmensentscheidungen verzweifeln kann, dafür können aber die Beschäftigten nix!
44;8.98E+22;1;-5;-1;Einfach abstoßend und grausam! In Gedanken bei den Opfern und ihren Familien. #Barcelona
45;8.98E+22;1;-5;-1;Meine Gedanken gelten den Opfern, mein Beileid den Angehörigen. Hass ist keine Lösung! #Barcelona #lasRamblas
46;8.98E+22;1;-5;;Hass darf nicht gewinnen!#Barcelona #Irak #Syrien #Jemen #Mali ....... 
47;8.99E+22;1;-5;;Auch der #Bayerische #Strafvollzug leidet unter #Personalmangel! @hsterr @BayernGerechter @dgb_news @verdiTV 
48;9.00E+21;1;-5;;So ist das ... es ist wirklich erschreckend, wie niveaulos #Spahn und #Dobrindt argumentieren ... 
49;9.00E+21;1;-5;-1;@TomSchreiberMdA @bdk01berlin Du bist leider ein hoffnungsloser Fall !
50;9.01E+22;1;-5;-1;Folter, Vergewaltigungen, willkürliche Hinrichtungen - #Libyen ist kein sicherer Hafen! #DontFundViolence 
51;9.01E+22;1;-5;;Interview mit @MartinSchulz : „Geiz ist geil gilt leider auch an der Wursttheke!“ (PREMIUM) 
52;9.01E+22;1;-5;-1;Wut, Hass und Empörung der Gutmenschen über das #AfD-#Bikini-Plakat laufen ins Leere! <ed><U+00A0><U+00BD><ed><U+00B8><U+008E> 
53;9.01E+22;1;-5;-1;Eine sehr traurige Nachricht. Mein Beileid und meine Gedanken sind bei Axel Bernsteins Familie. 
54;9.02E+22;1;-5;-1;Atomkonflikt mit Nordkorea: Russland extrem besorgt wegen Raketenabschuss - SPIEGEL ONLINE - Politik 
55;9.03E+22;1;-5;;Die #Linke versucht verzweifelt im Wahlkampf Aufmerksamkeit zu bekommen!#btw2017 
56;9.04E+22;1;-5;;Leider weiß @MartinSchulz nicht, dass für den Vollzug der Ausreise die Länder zuständig sind! #tvduell
57;9.05E+22;1;-5;;@olavgutting Nö. Ist aber extrem peinlich für die Zeitung.
58;9.05E+22;1;-5;;Auf nach Berlin - Plenarsitzung, Sondersitzung des Verteidigungsausschusses, Reise nach Konja mit der Nato (?). Mal kein Wahlkampf, leider!
59;9.05E+22;1;-5;;Leider unter Ausschluss der Öffentlichkeit! #CumCum #Lungern 
60;9.05E+22;1;-5;;Ihr seid echt verzweifelt... 
61;9.06E+22;1;-5;;Demo für alle will am 15.09. in Berlin gegen LSBTIQ hetzen. Lasst uns auf die Straße gehen.Hass ist keine Meinung!
62;9.06E+22;1;-5;-1;Okay, da sind schon Einheimische ums Leben gekommen oder haben alles verloren, aber Deutsche Urlauber HABEN ANGST!!! @Bild 
63;9.07E+22;1;-5;;Wenn #Linke sich so richtig selbst vorführen. Es ist köstlich, aber zugleich erschreckend!#AfD #Btw17 #Poggenburg 
64;9.07E+22;1;-5;;Ein Bild mit Symbolkraft. Merkels Wahlspruch trifft leider nicht mehr auf die zu, die schon länger hier leben! 
65;9.07E+22;1;-5;;Absolut notwendig! Wanka fordert faire Verträge für Wissenschaftler
66;9.07E+22;1;-5;;Absolut notwendig! Wanka fordert faire Verträge für Wissenschaftler
67;9.07E+22;1;-5;-1;Furchtbare Bilder,katastrophale Folgen für die Menschen in betroffenen Regionen-wir müssen jetzt endlich handeln! 
68;9.07E+22;1;-5;-1;Genau so läuft dieses ekelhafte Spiel! 
69;9.07E+22;1;-5;-1;Ein Verfassungsfeind wie Maas wirft der #AfD vor, verfassungsfeindlich zu sein? Die SPD ist wohl völlig verzweifelt!
70;9.08E+22;1;-5;-1;Der Tod von #HeinerGeißler macht mich traurig - er war ein aufrechter streitbarer Politiker! 
71;9.08E+22;1;-5;-1;Ich bin sehr traurig, dass Heiner Geißler von uns gegangen ist!
72;9.08E+22;1;-5;;Ich bin sehr traurig. Heiner Geißler ist tot. Ein großer Politiker und Mensch ist von uns gegangen.
73;9.08E+22;1;-5;;+++WANTED+++Mann (70) in Garage ausgeraubt - Polizei sucht Tatverdächtigen mit Foto!  
74;9.08E+22;1;-5;-1;Einfach schrecklich! 
75;9.08E+21;1;-5;-1;Leider Diskriminierung nicht nur bei der Job-, sondern auch bei der Wohnungssuche! @anonymeBewerbungen #kiezregiert 
76;9.09E+22;1;-5;;Wenn selbst Gebäude zu sehr leiden, dann kann es schon mal zu so etwas kommen... #TrauDichDeutschland 
77;9.10E+22;1;-5;;Gleichstellung ist für Fr Merkel Treffen mit Ivanka Trump &amp
78;9.10E+21;1;-5;;Gleichstellung ist für Fr Merkel Treffen mit Ivanka Trump &amp
79;9.10E+22;1;-5;;Verzweiflung pur! @MartinSchulz verspricht in einer Sendung mehr, als @Ralf_Stegner  in einem Jahr twittert <f0><U+009F><U+0098><U+0085>
80;9.10E+22;1;-5;;Sicherheit wird in diesen Tagen ganz GROß geschrieben! #AfD #Hütter #TrauDichDeutschland 
81;9.10E+22;1;-5;;Heute Abend wird es dann richtig spannend. @reportmainz berichtet über die Machenschaften von #Strenz und Co. im #Europarat. Tief traurig!
82;9.10E+22;1;-5;-1;Sehr traurige Nachricht. Tolle Frau. Mein herzliches Beileid den Angehörigen. R. I. P. 
83;9.10E+21;1;-5;;Leider muß ich schon wieder die Diäten von König-Preuss pfänden!#ramelüringen #jena #erfurt #afd #r2g
84;9.11E+22;1;-5;;Leider stimmt das alles!
85;9.11E+22;1;-5;;Sie haben den IS-Terror überlebt und sind nun schwer traumatisiert: Jesidische Kinder brauchen dringend Hilfe! 
86;9.11E+22;1;-5;-1;Heute ist bestätigt worden, die PolizeiHamburg hat es nicht mit den Gesetzen. Leider ohne Folgen für die Täter! 
87;9.12E+22;1;-5;-1;Verzweiflung bei der #SPD!Wahlkämpfer zerstören Luftballons von Kindern auf denen #AfD drauf steht. #AfDwaehlen #SPDmussweg
88;9.12E+22;1;-5;;Verzweiflung bei der #SPD!Wahlkämpfer zerstören Luftballons von Kindern auf denen #AfD drauf steht. #AfDwaehlen #SPDmussweg
89;9.12E+22;1;-5;-1;Bekämpfen wir diese verkommene Bande - unsere Angst jedenfalls kriegen sie nicht! #AfD #btw17
90;9.12E+22;1;-5;;Bekämpfen wir diese verkommene Bande - unsere Angst jedenfalls kriegen sie nicht! #AfD #btw17
91;9.12E+22;1;-5;;@PeterMeiwald Oh man dass wäre  echt schade :(
92;9.12E+22;1;-5;-1;Ein ziemlich arroganter , unsympathischer Auftritt von Herrn Schulz bei der SPDPreko!
93;9.12E+22;1;-5;;Der Frauenanteil sinkt im neuen Bundestag von 37% auf 30% - 100 Jahre nach Einführung des Frauenwahlrechts echt traurig! #BTWahl2017
94;9.13E+22;1;-5;;@Holger_Michel Bekämpfen wir diese verkommene Bande - unsere Angst jedenfalls kriegen sie nicht!
95;9.13E+22;1;-5;;Traurig, traurig. Die #AfD hat jetzt den Antrag gestellt die #Volksbuehne zu räumen. #wiebloedistdasden?
96;9.13E+22;1;-5;-1;Von wegen zu viel NS im Unterricht - 40% aller Schüler 14+ wissen nicht was Auschwitz war. Erschreckend! 
97;9.14E+22;1;-5;-1;Sehr traurig. #RIP 
98;9.14E+22;1;-5;;Traurig!! Bekannt aus „Tatort“ und „Polizeiruf 110“: Schauspieler Andreas Schmidt ist tot (via @berlinerzeitung) 
99;9.16E+22;1;-5;;Das ist schon eine furchtbare Gurken Truppe! #AfD 
100;9.16E+22;1;-5;;BGH: keine Tabakwerbung i Internet. Aussenwerbung muss auch weg. Nur Lobby will rauchende Kinder!  via @SPIEGELONLINE
101;9.16E+22;1;-5;;Unsere Gedanken sind bei den Familien und den Freunden. Ich bin sehr traurig. Allen Verletzten von Herzen schnelle Genesung. 2/2
102;9.16E+22;1;-5;;Diese Koalition ähnelt mehr <ed><U+00A0><U+00BC><ed><U+00B7><U+00A7><ed><U+00A0><U+00BC><ed><U+00B7><U+00B7> als <ed><U+00A0><U+00BC><ed><U+00B7><U+00AF><ed><U+00A0><U+00BC><ed><U+00B7><U+00B2>: ganz viel grün mit einem gelben Klecks. Leider ohne einen Hauch von #AfD-<ed><U+00A0><U+00BD><ed><U+00B2><U+0099>!<U+27A1><U+FE0F>
103;9.17E+22;1;-5;;Verzweifelter Appell der Bürgermeisterin von Barcelona!Stellungnahme von @AdaColau zum Referendum in #Katalonien 
104;9.17E+22;1;-5;;Leider hat Frank Plasberg nichts verstanden! 
105;9.17E+22;1;-5;;Diese Koalition ähnelt mehr <ed><U+00A0><U+00BC><ed><U+00B7><U+00A7><ed><U+00A0><U+00BC><ed><U+00B7><U+00B7> als <ed><U+00A0><U+00BC><ed><U+00B7><U+00AF><ed><U+00A0><U+00BC><ed><U+00B7><U+00B2>: ganz viel grün mit einem gelben Klecks. Leider ohne einen Hauch von #AfD-<ed><U+00A0><U+00BD><ed><U+00B2><U+0099>!<U+27A1><U+FE0F>
106;9.17E+22;1;-5;;Darf's noch eine #Stacheldrahtsuppe oder ein #Selbstschusswürstchen sein? Ekelhaft! 
107;9.17E+22;1;-5;;Darf's noch eine #Stacheldrahtsuppe oder ein #Selbstschusswürstchen sein? Ekelhaft! 
108;9.17E+22;1;-5;;Sehr, sehr schade! #sinzig 
109;9.18E+22;1;-5;;Keine fake news (leider): Linksbornierte Kräfte in d Land versuchen mit aller Macht vernünftigen Begrenzungskompromiss z Zustrom zu zerreden
110;9.18E+22;1;-5;-1;Ausw. Amt vertuscht KZ-ähnliche Lager in Libyen: Nicht #Flüchtlinge, sondern #Fluchtursachen gehören bekämpft! 
111;9.18E+22;1;-5;;Ausw. Amt vertuscht KZ-ähnliche Lager in Libyen: Nicht #Flüchtlinge, sondern #Fluchtursachen gehören bekämpft! 
112;9.18E+22;1;-5;;Ausw. Amt vertuscht KZ-ähnliche Lager in Libyen: Nicht #Flüchtlinge, sondern #Fluchtursachen gehören bekämpft! 
113;9.18E+22;1;-5;;Leider will sich die schwarz/gelbe Koalition im #ltnrw nicht für den Konzernsitz von @thyssenkrupp/tata in #NRW einsetzen! #ZukunftStahl
114;9.18E+22;1;-5;;  Der #Frankfurter #Goetheturm ist abgebrannt - ein wichtiges Wahrzeichen ist weg - das macht macht mich traurig!
115;9.18E+21;1;-5;-1;Wirklich traurig: Der #GoetheTurm in #Frankfurt #Sachsenhausen ist abgebrannt. 
116;9.18E+22;1;-5;;Leider liegt die Entscheidung nicht beim Bürger! 
117;9.19E+22;1;-5;-1;+++Leider kein Einzelfall: Polizisten von Flüchtlingen verletzt!+++ #AfD #Hütter  
118;9.19E+22;1;-5;-1;Schrecklich! Da fehlen mir die Worte. 
119;9.19E+22;1;-5;;Schrecklich! 
120;9.19E+22;1;-5;;Leute kriegen in #Ägypten jahrelang Knast für Schwenken von Regenbogenfahnen &amp
121;9.20E+22;1;-5;;Unglaublich peinlicher Bericht vom Bild Reporter <ed><U+00A0><U+00BD><ed><U+00B9><U+0088><ed><U+00A0><U+00BD><ed><U+00B9><U+008A><ed><U+00A0><U+00BD><ed><U+00B8><U+00B3>!!!
122;9.20E+22;1;-5;;Furchtbar! Hoffentlich macht das auch dem Letzten klar, mit wem sich sich manche „Steueroptimierer“ gemein machen. 
123;9.20E+22;1;-5;-1;Ein furchtbarer Mord, der aufgeklärt werden muss! Und warum haben BMW, BASF &amp
124;9.20E+22;1;-5;;Die Nachricht erschreckt mich sehr - hoffentlich wird der grausame Mord sehr schnell aufgeklärt!  #UlliNissen
125;9.20E+22;1;-5;;Bertelsmann-Studie zu Ganztagsschülern: Bayern trauriges Schlusslicht - Rechtsanspruch ist überfällig! - MIT O-TON 
126;9.20E+22;1;-5;;Tagesschau abschaffen fordert man auch nur, wenn man sehr traurig ist, dass man nie in der Tagesschau vorkommt.
127;9.20E+22;1;-5;;Ein furchtbarer Mord, der aufgeklärt werden muss! Und warum haben BMW, BASF &amp
128;9.20E+22;1;-5;;Am Sonntag stellen wir klar: Hass und Rassismus haben im Bundestag keinen Platz! Macht mit &amp
129;9.21E+22;1;-5;;Am Sonntag stellen wir klar: Hass und Rassismus haben im Bundestag keinen Platz! Macht mit &amp
130;9.21E+21;1;-5;;#Tagesschau: Unabhängige Nachrichten sind wichtig.Stimmt, aber die Tagesschau ist leider das Gegenteil! 
131;9.21E+22;1;-5;;Ein furchtbarer Mord, der aufgeklärt werden muss! Und warum haben BMW, BASF &amp
132;8.15E+22;2;-5;;#IstanbulAttack schrecklich - 2017 fängt an wie 2016 aufhörte: der #Terror kriegt uns auch im neuen Jahr nicht klein! #frieden #freiheit
133;8.18E+21;2;-5;;Extrem aggressive linke Demo mit #Antifa-Fahnen in #Dessau. Polizei stark gefordert, das wahre Gesicht vieler Linken und Ausländer in D...
134;8.19E+22;2;-5;-1;Das Russisch-Roulette geht leider weiter: Verpuffung im #AKW #Doel #Belgien - Endlich Abschalten! Sofort! #atomkraft 
135;8.19E+22;2;-5;;#Lohngerechtigkeit nicht mit diesem Entwurf! Für die meisten #Frauen wirkungslos - leider! Da muss nachgelegt werden
136;8.20E+22;2;-5;-1;Peinlich, traurig, standortschädlich. Und es gibt tatsächlich welche, die sich darüber freuen. 
137;8.22E+22;2;-5;;Lieber @Wissing , stecke leider immer noch im Aufzug fest (kein Witz!), so dass ich es nicht mehr zur Grünen Woche schaffe. Sorry.
138;8.32E+22;2;-5;;@sven_kindler @GrueneBundestag Richtig! Geht aber mit @cducsubt leider nicht!
139;8.32E+22;2;-5;;Kinder als Soldaten töten! DOPPELT! #redhandday @spdbt @socialhubBT 
140;8.34E+22;2;-5;;#gutearbeitverbindet: „Die Mitbestimmung im Betrieb ist ein Zukunftsmodell. Leider haben das noch nicht alle begriffen!
141;8.34E+22;2;-5;;#gutearbeitverbindet: „Die Mitbestimmung im Betrieb ist ein Zukunftsmodell. Leider haben das noch nicht alle begriffen!
142;8.37E+21;2;-5;;#America First - #Bayern Förster! Leider gibt es im #Freistaat seit Stoiber einen dramatischen Abbau von Forstfachleuten!
143;8.37E+22;2;-5;-1;@DB_Bahn Leider nicht Eure Woche! Nettoverspätungen bei drei Fahrten in dieser Woche (OL-B, B-Weißenhorn, Weißenhorn-A/Hochzoll): 240 min
144;8.38E+22;2;-5;;@arminia das hilft ja keinem... Die schwarz-weiß-blauen leiden halt in jeder Liga! 
145;8.38E+22;2;-5;;<ed><U+00A0><U+00BD><ed><U+00B4><U+0088><ed><U+00A0><U+00BD><ed><U+00B4><U+0088><ed><U+00A0><U+00BD><ed><U+00B4><U+0088>: Ob ihr wollt oder nicht:  Die Spd hat leider mit ihrem #spdhack richtig geil abgeliefert!  <ed><U+00A0><U+00BD><ed><U+00B2><U+00A5><ed><U+00A0><U+00BD><ed><U+00B2><U+00A5><ed><U+00A0><U+00BD><ed><U+00B2><U+00A5> DANKE, YAY 
146;8.38E+22;2;-5;;<ed><U+00A0><U+00BD><ed><U+00B4><U+0088><ed><U+00A0><U+00BD><ed><U+00B4><U+0088><ed><U+00A0><U+00BD><ed><U+00B4><U+0088>: Ob ihr wollt oder nicht:  Die Spd hat leider mit ihrem #spdhack richtig geil abgeliefert!  <ed><U+00A0><U+00BD><ed><U+00B2><U+00A5><ed><U+00A0><U+00BD><ed><U+00B2><U+00A5><ed><U+00A0><U+00BD><ed><U+00B2><U+00A5> DANKE, YAY 
147;8.41E+22;2;-5;;Die Nachricht vom Tod Horst Ehmkes macht mich sehr traurig. Er war ein großer Sozialdemokrat, überzeugender Redner und mutiger Querdenker.
148;8.41E+22;2;-5;;Die Nachricht vom Tod Horst Ehmkes macht mich sehr traurig. Er war ein großer Sozialdemokrat, überzeugender Redner und mutiger Querdenker.
149;8.43E+22;2;-5;;Eine parl. Mehrheit für d. Ehe f. Alle ist da! Leider hält die #SPD lieber zur #CDU, statt zu ihren Versprechen!  
150;8.43E+22;2;-5;;Guter Kommentar von @Hamburg_Pride-Vorstand Stefan Mielchen: Schäm dich, SPD! Das feige Spiel um die #EheFürAlle. 
151;8.44E+22;2;-5;-1;Das gleicht dem hissen der weißen Flagge! Union fällt über Wunschpartner FDP her! Verzweiflung pur! #NRWIR 
152;8.45E+22;2;-5;;@groehe Beste Grüße aus RLP - bin dieses Jahr leider nicht dabei!
153;8.45E+22;2;-5;;Meine Stimme ist sie nicht! Leider wird verschwiegen, dass sie an #SED Wiedergründung in #Thüringen mitgewirkt hat! 
154;8.48E+22;2;-5;;Fehlwurf! Leider kein intelligenter! @BriHasselmann zur Verabschiedung d. Verpackungsgesetzes im Bundestag. Recht hat sie! @GrueneBundestag
155;8.48E+21;2;-5;;#Highwaytohell, leider ohne Begleitmusik durch mehr #GeldfürInfrastruktur! #Dobrindt=Minusmann! 
156;8.48E+22;2;-5;;Leider kein Aprilscherz!Dank der #SVZ wird der hochausgebildete #Dahlemann dem Volk schmackhaft gemacht!#AfD 
157;8.49E+22;2;-5;;Pendeln macht depressiv! Arbeiten wahrscheinlich auch....wir haben Probleme.....
158;8.50E+22;2;-5;-1;Hass und Hetze haben weder auf der Straße noch im Netz etwas zu suchen! Gutes Gesetz von @HeikoMaas<ed><U+00A0><U+00BD><ed><U+00B1><U+008D> 
159;8.50E+22;2;-5;;Kennt ihr es schon? @post4julia hat ein Buch geschrieben! <ed><U+00A0><U+00BD><ed><U+00B2><U+00AA><ed><U+00A0><U+00BC><ed><U+00BE><U+0089>#stolzeMentorin #coffeetogoagain 
160;8.50E+22;2;-5;;Kennt ihr es schon? @post4julia hat ein Buch geschrieben! <ed><U+00A0><U+00BD><ed><U+00B2><U+00AA><ed><U+00A0><U+00BC><ed><U+00BE><U+0089>#stolzeMentorin #coffeetogoagain 
161;8.51E+22;2;-5;;Manchmal möchte man verzweifeln! Der Antisemitismus ist scheinbar mitten in unserer Gesellschaft angekommen! 
162;8.52E+22;2;-5;-1;Traurige Nachricht - hoffe, dass der FSV noch zu retten ist! FSV Frankfurt stellt Insolvenzantrag - Oha! 
163;8.52E+22;2;-5;;Lieber @ThomasOppermann, da ich weder Generalsekretär noch Wahlkampfleiter bin oder werde, ist Dein Tweet leider völlig gegenstandslos! :-)
164;8.54E+22;2;-5;-1;Erschreckend! #Aufschrei! Asylwelle stoppen! ieL unsere Kinder+Kindeskinder leiden unter Merkel! #Kinderarmut #Armut 
165;8.56E+22;2;-5;;Guter Faktencheck: Lindners Behauptung, dass Wohnungseinbrüche in NRW massiv zugenommen hätten, ist komplett falsch! 
166;8.56E+22;2;-5;;@kahrs @petertauber Wenn man sieht das man an manchen Orten nicht gewinnen! Da schreckt dann den Tauber!
167;8.58E+22;2;-5;;Leider kann man @DrKissler nicht retweeten, aber diese Frage ist einfach zu gut! ( Sorry Alexander Kissler ) 
168;8.58E+22;2;-5;;Traurig mit dem @KarlsruherSC! Ihr kommt wieder! #hahohe @HerthaBSC
169;8.61E+22;2;-5;;Rot-Grüne #Politik wirkt leider! <ed><U+00A0><U+00BD><ed><U+00B8><U+00AC> Am #Muttertag muss sich das ändern! #ltwnrw #EsGehtUmUnserLand 
170;8.62E+22;2;-5;-1;#Wohnungseinbrüche werden künftig härter bestraft. Gut so. Opfer leiden materiell, aber vor allem psychisch. Jetzt auch #Polizei stärken!
171;8.63E+22;2;-5;;Mein Satz der Woche:Gut, ich wähle die Grünen. Da leidet wenigstens ein Politiker mit und es gibt Hoffnung![Politiker: vermutlich ich]
172;8.67E+22;2;-5;-1;Keine Region leidet so sehr unter den rasanten Immobilienpreisen wie Oberbayern! Schön, dass @ManfredWebern handelt! 
173;8.71E+22;2;-5;;Moin! Heute wird Freitag mit K geschrieben! #Kraftklub #keinenachtfuerniemand
174;8.71E+22;2;-5;;Warum gibt es soviel Zuspruch in der Bevölkerung für die #Offenhaltung von #Tegel? Weil der #BER noch nicht am Netz ist. Leider!
175;8.73E+21;2;-5;;Jepp! So is's... leider!#Guten #Morgen und danke an:  #altparteien #afd 
176;8.74E+22;2;-5;;Seyran Ates gründet Moschee in der Frauen+Männer zusammen beten. Resultat: Morddrohungen!Von AfD? Nein,von Moslems! 
177;8.76E+21;2;-5;;Leider zu wenige der guten Enquete-Empfehlungen zu Digitalisierung im Handwerk im KoaVertrag! #NRWKoalition @Peter_Jahns @drbm62
178;8.76E+21;2;-5;;#Danke für die #Erinnerung! Der #Arbeiteraufstand und ehemalige #Nationalfeiertag verblasst leider zusehends! 
179;8.78E+22;2;-5;;Wie traurig! Gunter, du wirst fehlen! 
180;8.78E+22;2;-5;;EXTREM peinlicher Tweet für eine Regierungspartei!! Zeigt keine Sorgfaltsverantwortung! 
181;8.78E+22;2;-5;;#Tierschutz Fakten: #grüne #Niedersachsen schreibt Badewasser für Enten vor #CDU im Bund lehnt Schredderverbot für Küken ab! Grausam!
182;8.80E+22;2;-5;;Die Sicherheitslage wird leider nicht besser!Grenzen zu und in Ruhe aufräumen!AfD wählen!carsten-huetter.de
183;8.80E+22;2;-5;;Das Jawort kommt! Am Freitag wird Grüne Geschichte geschrieben! 30 Jahre waren nicht umsonst. #ehefueralle 
184;8.81E+22;2;-5;;#Ehefüralle Heute wird Geschichte geschrieben! Ich bin dabei! 
185;8.82E+22;2;-5;-1;Furchtbare Nachrichten! Unsere Gedanken sind bei den Unfallopfern. Wir wünschen den Verletzten baldige Genesung! #A9 
186;8.83E+21;2;-5;;@wibkegt @c_lindner Ist leider die Wahrheit!  Aber sei's drum. Etwas weniger Ideologie würde euch gut tun.
187;8.84E+22;2;-5;;So denken Linke: Plündern, branschatzen und Menschen verkrüppeln ist gut - nur nicht im eigenen Viertel. Ekelhaft!
188;8.84E+22;2;-5;-1;»Ganz #Hamburg hasst die Polizei!« <ed><U+00A0><U+00BD><ed><U+00B1><U+00AE> <ed><U+00A0><U+00BD><ed><U+00B1><U+00AE><U+200D><U+2640><U+FE0F>Nein!!! @SoliDavidwache @PolizeiHamburg @DPolGBerlin @DPolGHH 
189;8.85E+22;2;-5;;Unfair, @_verdi! Handel hat beim #G20 enorm gelitten. 2 verkaufsoffenen Sonntage als Entschädigung sind das Minimum. 
190;8.85E+22;2;-5;;Fun-Fakt: CDU-Programm wurde von einem Saarländer geschrieben! @SAARTEXT: CDU-Programm kommt Land teuer zu stehen 
191;8.86E+22;2;-5;;Gregor Gysi vor über 20 Jahren zur Entwicklung Europas und des Euros... und er hat Recht behalten! Leider! 
192;8.86E+21;2;-5;;Wie bei jeder Versammlung bzw Demonstrationen! Leider ja! 
193;8.88E+22;2;-5;;Hier und da sind Recht und Gesetz noch durchsetzbar. Das hilft den Rechtspopulisten, so #Stegner, und macht sehr traurig. 
194;8.89E+22;2;-5;;Einfach nur furchtbar! Das dürfen wir in #Deutschland nicht zulassen! 
195;8.90E+21;2;-5;;Einfach nur furchtbar! Das dürfen wir in #Deutschland nicht zulassen! 
196;8.93E+22;2;-5;;Die Superdemokraten!Wieder mal entblößt!Traurig, aber wahr!carsten-huetter.de 
197;8.93E+22;2;-5;;Leider wahr! Konzerne sind billig weg gekommen auf #Dieselgipfel 
198;8.98E+22;2;-5;-1;Wie furchtbar ist das Geschehen in #Barcelona - was gibt es für verblendete Verbrecher! Ich bin wütend und traurig!
199;9.00E+22;2;-5;;@TomSchreiberMdA @bdk01berlin Du verbesserst dich nicht- und lernst leider nichts dazu!
200;9.00E+22;2;-5;;...und so leiden die #Grünchen!<ed><U+00A0><U+00BD><ed><U+00B8><U+0082>Danke an:  
