;ID;positveSentimentScore;negativeSentimentScore;sentimentScore;text
1;8.16E+22;1;-5;;Garantiert neuer Prüfzyklus für Auto-Abgaswerte das Ende der Schummeleien der Hersteller? Leider nein! #Dieselgate 
2;8.16E+22;1;-5;;Manchmal kann man an seiner eigenen Kirche verzweifeln! #EKD 
3;8.18E+22;1;-5;-1;Wie verzweifelt müssen @Die_Gruenen sein! Keine Themen, keine politische Botschaft mehr. Nur noch #Politikplacebos. 
4;8.18E+22;1;-5;;Wie verzweifelt müssen @Die_Gruenen sein! Keine Themen, keine politische Botschaft mehr. Nur noch #Politikplacebos. 
5;8.18E+22;1;-5;;Um jedem #Attentäter gleich eine weltweite #politische  Dimension zu geben. Ich halte das für völlig falsch! 
6;8.20E+22;1;-5;;Das ist leider keine gute Nachricht für die #Volkspartei @CDU! @SteinbachErika 
7;8.21E+22;1;-5;;„Halt die Klappe, ich hab’ Feierabend.“ Ich lese gerade, dass Schildkröte gestorben ist. Traurig! Wer sitzt dann bei Dittsche und Ingo?
8;8.21E+21;1;-5;;@Dragonhaert67 @spdbt Weil die CDU/CSU und FDP dagegen waren und es 2012, als der Antrag gestellt wurde, dafür keine Mehrheit gab. Leider!
9;8.21E+22;1;-5;;Schon wieder ein Schneider-Buch...<f0><U+009F><U+0098><U+0089> Notfalls streite ich mit @UlrichSchneider persönlich bei dem Thema! @1305SaJo @MBMarcusBrumme
10;8.22E+22;1;-5;;#Höcke #AfD zeigt sich als geistiger Vertreter des fürchterlichen braunen Sumpfs unserer Vergangenheit - deshalb trockenlegen!
11;8.22E+22;1;-5;;#Yolocaust: Selfie-Kultur auf Berliner Mahnmal trifft Geschichte der Vernichtungslager. Erschreckend und stark! 
12;8.22E+22;1;-5;-1;Hass und Hetze haben mit Meinungsfreiheit nichts zu tun! 
13;8.22E+22;1;-5;-1;Die  grausamste Rede , die ich von einem US -Präsidenten gehört habe! Gefährlich!
14;8.22E+22;1;-5;;Die  grausamste Rede , die ich von einem US -Präsidenten gehört habe! Gefährlich!
15;8.23E+22;1;-5;;Die  grausamste Rede , die ich von einem US -Präsidenten gehört habe! Gefährlich!
16;8.23E+22;1;-5;;Die  grausamste Rede , die ich von einem US -Präsidenten gehört habe! Gefährlich!
17;8.23E+22;1;-5;;Die  grausamste Rede , die ich von einem US -Präsidenten gehört habe! Gefährlich!
18;8.23E+22;1;-5;-1;@UdoWolfMdA Sie sind echt der Knaller. Dieser Beitrag ist so niveaulos. Schämen Sie sich!
19;8.24E+22;1;-5;;Brüllend komisch! <ed><U+00A0><U+00BD><ed><U+00B8><U+0082> @extra3 
20;8.24E+22;1;-5;;Leider war das Max Planck Institut beratungsresistent! 
21;8.24E+22;1;-5;;Horror - so eine Person als Kollegen im Bundestag - gilt nur eins #Gegenhalten ! 
22;8.25E+22;1;-5;;Gut, dass #Höcke nicht dabei er - er ist ja leider nicht mehr lernfähig!
23;8.26E+22;1;-5;-1;@Micha_BILD Was für ein fürchterliches, fürchterliches Chaos. Qualitätsjournalismus anno 2017.
24;8.26E+22;1;-5;;Der Berliner rot-rot-grüne Senat leider nicht! 
25;8.26E+22;1;-5;;Der Berliner rot-rot-grüne Senat leider nicht! 
26;8.27E+22;1;-5;-1;Nein, Herr Erdogan: Islam und Frieden sind leider nicht das Gleiche!#AfD #Türkei #Erdogan
27;8.27E+22;1;-5;;Nein, Herr Erdogan: Islam und Frieden sind leider nicht das Gleiche!#AfD #Türkei #Erdogan
28;8.28E+21;1;-5;;In der Türkei setzt sich Merkel für die Rechte der Opposition ein. In Deutschland leider nicht!#AfD #Türkei /cb 
29;8.29E+22;1;-5;;@Tobias_Schulze oh, die Einladung hab ich auch bekommen. Aber leider, leider habe ich da schon was anderes vor...
30;8.29E+22;1;-5;;Leider geil! <ed><U+00A0><U+00BD><ed><U+00B8><U+0082> 
31;8.29E+22;1;-5;-1;Unsere Berliner Schulen müssen endlich saniert werden - der Senat ist leider hilflos überfordert!#AfD #Berlin
32;8.29E+22;1;-5;-1;Historischer Park wird dem Erdboden gleichgemacht, um weitere Asylunterkunft in Rekordtempo hochzuziehen. Traurig!
33;8.30E+22;1;-5;;Sehr peinlich! 
34;8.30E+22;1;-5;-1;Schulz vergleicht #AfD mit NPD: Dieser Mann verunglimpft Millionen unserer Wähler - er leidet unter Wahnvorstellungen!
35;8.30E+22;1;-5;;Schulbaugeschichte wird geschrieben! #r2g 
36;8.30E+22;1;-5;-1;Hass,Hetze und FakeNews sind ätzend!Dank an @Die_Gruenen Netzfeuerwehr,dass ihr euch kümmert und aufdeckt. 
37;8.31E+22;1;-5;;Als Bürgerin und als Mitglied des Ausschusses ärgert mich die Ignoranz von Piëch gegenüber dem Ausschuss zutiefst!
38;8.31E+22;1;-5;-1;Schlimm solche Banner zu sehen - aber das diese von @fcstpauli  Fans kommen, erschreckt mich doch umso mehr! 
39;8.31E+22;1;-5;;Scheint leider, eine passende Karikatur zu sein!<ed><U+00A0><U+00BD><ed><U+00B8><U+0082> 
40;8.32E+22;1;-5;;Leider kann ich wegen der Berliner Sitzungswoche nicht teilnehmen - bin aber in Gedanken dabei! 
41;8.32E+22;1;-5;-1;Immer wieder #Pohlmann. Legt dieser Tier+Menschen verachtenden Geflügel-Züchter-Dynastie endlich das Handwerk! @reportmuenchen
42;8.32E+22;1;-5;-1;Das Schlimme ist, dass wir Trump und seinen Leuten alles zutrauen - aber leider nichts Gutes! 
43;8.33E+22;1;-5;-1;Sehr, sehr traurig. Lange Jahre hat man Meyenburg im Glauben gelassen es könnte mit dem Quartier klappen. Wir... 
44;8.34E+22;1;-5;;Leider ist unsere StartUp Night! im BMWi morgen rund um die Luft-und Raumfahrt schon ausgebucht @BMWi_Bund @DroneMastersBER @bdlipresse
45;8.35E+22;1;-5;-1;Wie leider allzuoft: #Vandalismus! 
46;8.36E+22;1;-5;-1;Mit @WilmsVal verlieren @GrueneBundestag eine geschätzte Kollegin der Abteilung #StraightTalk Sehr schade!
47;8.36E+22;1;-5;;Erschreckend! @SZ @BMI_Bund 
48;8.36E+22;1;-5;;Erschreckend! @SZ @BMI_Bund 
49;8.37E+22;1;-5;-1;Fürchterlich- Mein Mitgefühl den Angehörigen! 
50;8.37E+22;1;-5;-1;Islamisten töten eine deutsche Geisel!#AfD #Terror
51;8.37E+22;1;-5;-1;Das @AuswaertigesAmt war einmal ein Haus mit einer klaren Haltung. Das ist dermaßen beschämend, @sigmargabriel! 
52;8.37E+22;1;-5;;#Berlin leidet unter Rot-Rot-Grün! #AfD #R2G
53;8.39E+22;1;-5;-1;@ismail_kupeli Einfach ekelhaft! Natürlich sind wir politische Konkurrenten, aber dieser Menschenfeindlichkeit müssen wir gemeinsam wehren.
54;8.39E+22;1;-5;;@yirmidorttv Einfach ekelhaft! Natürlich sind wir politische Konkurrenten, aber dieser Menschenfeindlichkeit müssen wir gemeinsam wehren.
55;8.39E+22;1;-5;;Gesetzesnovelle - Ach, das #Völkerrecht - #Transparenz und #Offenlegung mit der @cducsubt? Leider nein! 
56;8.39E+22;1;-5;;Leider streikt unser #Plenarticker heute - die IT bemüht sich um eine Lösung! #hbbue #technikdiebegeistert
57;8.39E+22;1;-5;-1;Nordrhein-Westfalen | Anstieg um ¼: Asylbewerber haben als Sexualstraftäter leider nicht viel zu befürchten!<U+27A1><U+FE0F> 
58;8.40E+22;1;-5;;@OlafWedekind Streik auf dem Rücken von Dritten ist leider immer schlecht!
59;8.40E+22;1;-5;;@redaktion42 @victor5679 @FESonline weil es mal eine Zeit gab, in der Hessen vorn das Markenzeichen Hessen's war. Lang ist es her. Leider!
60;8.40E+22;1;-5;-1;Solange zwei Männer eine Frau spontan vergewaltigen können, ist Berlin nicht sicher!#AfD #Ostbahnhof /hm
61;8.40E+22;1;-5;;@mathiasrichel Geschrieben auf der Fahrt ins Saarland! Kollege Maas hat auch einen Account, der aber oft von Mitarbeitern gepflegt wird
62;8.41E+22;1;-5;-1;@d__iliev @Junge_Union Das ist echt widerlich!
63;8.41E+21;1;-5;-1;Sehr traurig: 
64;8.41E+22;1;-5;-1;@ArminLaschet, sie sind einfach nur ein unglaublicher Ignorant, ein respektloser Tweet, erbärmlich, schämen Sie sich! @MartinSchulz @spdbt
65;8.41E+22;1;-5;;@MatthiasMeisner nein, ist ein ganz konkretes, sehr trauriges Beispiel, dass diese Diskussion nur in D theoretisch geführt wird.
66;8.41E+22;1;-5;-1;@Reiner_Ha @AndiScheuer Offensichtlich schützt ein Professorentitel nicht vor ignorant-rassistischem Bockmist? Schämen Sie sich!
67;8.42E+22;1;-5;;@socialhubBT jetzt wird es aber wirklich verzweifelt...
68;8.42E+21;1;-5;;Hass, Diskriminierung, Gewalt nicht hinnehmen! Friedlich Herz und Gesicht zeigen #le1803 Leipziger Appell
69;8.42E+21;1;-5;;@AlexanderDinger @Djeron7 @bene_lux Leider traurig!
70;8.42E+22;1;-5;;. @SilkeGebel @MarioCzaja @SebCzaja Absolut. Diese selbst füllenden Funktionen des Telefons, furchtbar! Ich entschuldige mich bei MC.
71;8.44E+22;1;-5;;Scheint leider ziemlich real! 
72;8.44E+22;1;-5;;Die 32% für die @spdde freuen mich -  aber die 11,5% für die AfD schmerzen mich sehr! 
73;8.44E+22;1;-5;;Hass ist keine Meinung! @AnkeRehlinger @HeikoMaas @CulchaBerlin @ElaizaBand #anke17 #ltw17 #MSfV 
74;8.45E+22;1;-5;-1;Joachim Gauck: Fürchten Sie sich nicht vor den bösen Trollen, die im Internet Hass und Furcht verbreiten!<f0><U+009F><U+0091><U+008D><f0><U+009F><U+0091><U+008D><f0><U+009F><U+0091><U+008D><f0><U+009F><U+0091><U+008D><f0><U+009F><U+0091><U+008D><f0><U+009F><U+0091><U+008D>
75;8.45E+22;1;-5;;Joachim Gauck: Fürchten Sie sich nicht vor den bösen Trollen, die im Internet Hass und Furcht verbreiten!<f0><U+009F><U+0091><U+008D><f0><U+009F><U+0091><U+008D><f0><U+009F><U+0091><U+008D><f0><U+009F><U+0091><U+008D><f0><U+009F><U+0091><U+008D><f0><U+009F><U+0091><U+008D>
76;8.45E+22;1;-5;;Erschreckende Zahlen! 
77;8.45E+21;1;-5;;Kerker (AfD): Rot-rot-grün hat sich doch auf die Fahnen geschrieben, alle Menschen zu retten - dann machen sie das doch auch! #AGH
78;8.45E+22;1;-5;;@krk979 @WittgensteinAfD Aufforderung zur Gesinnungsschnüffellei und zur Denunziation. Ekelhaft!
79;8.46E+22;1;-5;;Moin. Ich hasse diese Zeitumstellungen!
80;8.46E+21;1;-5;;War heute leider nur in Gedanken dabei, trage #pulseofeurope aber weiter! 
81;8.46E+22;1;-5;;Berlin, Welthauptstadt der #Digitalisierung? Leider nein! @BuBernd kritisiert, dass ein umfassendes Konzept fehlt. 
82;8.47E+22;1;-5;-1;Der wachsende Linksterrorismus in Deutschland wird leider immer noch unterschätzt und verharmlost! 
83;8.47E+22;1;-5;;Wir wollen Untersuchungsausschuss zum Fall #Amri. Koalition argumentiert leider dagegen. (CDU verweigert sich noch immer.) Traurig! TC
84;8.47E+22;1;-5;;Die Karikatur scheint leider so real!?!<ed><U+00A0><U+00BD><ed><U+00B8><U+0082> 
85;8.48E+22;1;-5;;Hallitzky: CSU-Politik: Angst essen Seele auf! #kpt17
86;8.48E+22;1;-5;;Ich finde es wirklich sehr schade, dass die Parteien sich nichtmal bei diesem Thema einigen können!
87;8.49E+22;1;-5;;Ich bin auch besorgt!Niemals wieder, nur als Lippenbekenntnis? 
88;8.49E+22;1;-5;-1;Grausam! #Syrien 
89;8.51E+22;1;-5;-1;Horror - wir können Menschen so etwas machen!?! 
90;8.51E+22;1;-5;;Wundert mich leider gar nicht! 
91;8.52E+22;1;-5;;Die 10% für die AfD schmerzen! 
92;8.53E+22;1;-5;;#Grüne und #inneresicherheit halt. Erschreckend! 
93;8.54E+22;1;-5;;Wirklich deprimierende Ergebnisse der <ed><U+00A0><U+00BC><ed><U+00B7><U+00B9><ed><U+00A0><U+00BC><ed><U+00B7><U+00B7>-Pässler in  <ed><U+00A0><U+00BC><ed><U+00B7><U+00A9><ed><U+00A0><U+00BC><ed><U+00B7><U+00AA>: Darauf lässt sich nur ganz schwer aufbauen...
94;8.54E+21;1;-5;;Ein trauriger Tag für die #Freiheit! #Europa darf demokratischen Kräfte nicht im Stich lassen. #türkei #referendum 
95;8.54E+22;1;-5;;57,8% Zustimmung in Frankfurt - erschreckend! 
96;8.55E+22;1;-5;;Die 10% für die AfD schmerzen sehr!  #UlliNissen 
97;8.55E+22;1;-5;-1;Bundestagskandidat der  neuen Rechten Partei AFD versucht einen grausamen Mörder rein zuwaschen! Wie widerlich!!! 
98;8.55E+22;1;-5;;Leider häufen sich diese Meldungen beinahe täglich!Das Sicherheitsgefühl, der Schwerinerinnen und Schweriner... 
99;8.55E+22;1;-5;-1;Ekelhafte Bande!#NieWiederRechts: AfD-Politiker Jens Maier äußert Verständnis für Rechtsterrorist Anders Breivik 
100;8.56E+22;1;-5;-1;Wir sind sehr traurig. @fdp 
101;8.56E+22;1;-5;;Wir sind sehr traurig. @fdp 
102;8.56E+22;1;-5;;Und weil das leider die Realität jeden Tag ist, machen wir das heute! #FahrenStattWarten 
103;8.57E+22;1;-5;;Und weil das leider die Realität jeden Tag ist, machen wir das heute! #FahrenStattWarten 
104;8.57E+22;1;-5;;Eine wirklich schlimme Nachricht! Als Außenstehender kann man kaum ermessen, wie viel Unheil dieser Mensch... 
105;8.57E+21;1;-5;-1;Erschreckend! 
106;8.57E+22;1;-5;-1;Hinrichtungen in Arkansas - #Todesstrafe ist grausam und unmenschlich!  
107;8.57E+22;1;-5;;Bitter! #BMGSGE #fohlenelf schön gespielt, leider raus! #fohlenimbundestag mit @HajdukBundestag #GülistanYüksel
108;8.57E+22;1;-5;;Ich bin über Trump 100% traurig+wütend! 
109;8.57E+22;1;-5;-1;Das soll fairer Wahlkampf sein? Ekelhaft! Vorwurf „Verdi-Schlampe“ – CDU stellt SPD Ultimatum für Entschuldigung 
110;8.57E+22;1;-5;;#CumEx: „UA hat seinen Job erfüllt. Die Skrupellosigkeit der Banken hat mich sehr erschreckt, sagt @Schwarz_MdB 
111;8.58E+22;1;-5;;Reden und Handeln klaffen leider beim #Klimaschutz meilenweit auseinander! 
112;8.58E+22;1;-5;;25.000 Smartphones im Stadion und ich krieg keine Verbindung? Fies! 
113;8.58E+22;1;-5;;Es ist leider Krieg – und ich begehre Nicht schuld daran zu sein! Alexander Netschajew sagte es mit Claudius: 
114;8.59E+22;1;-5;-1;Neuer Ferien-Trend bei Moslems: Minderjährige für einen (1) Sommer heiraten und vergewaltigen ist total angesagt!
115;8.59E+22;1;-5;;Kundgebungsredner sprechen zur Politik-leider ausser mir keine anderen Abgeordneten da! #Stuttgart #1.Mai @spd0711 
116;8.60E+22;1;-5;-1;Frau Dr. Merkel hat mir ihre vollste Unterstützung zugesagt. ICH HABE ANGST!
117;8.60E+22;1;-5;;Leider bin ich immer noch in Berlin und kann nicht wie geplant 21 Uhr bei #pierf  sein - SCHADE! 
118;8.60E+22;1;-5;;Leider traue ich Umfragen nicht mehr! 
119;8.61E+22;1;-5;-1;Die Katze ist aus dem Sack: die @SPDSH legt sich für den Machterhalt auch mit der Linken ins Bett. Furchtbar!  #ltwsh
120;8.61E+22;1;-5;;Seit Jahren werden Bewohner und Gewerbetreibende am #EppendorferBaum und am #Klosterstern malträtiert. Schrecklich! 
121;8.61E+22;1;-5;;Die Katze ist aus dem Sack: die @SPDSH legt sich für den Machterhalt auch mit der Linken ins Bett. Furchtbar!  #ltwsh
122;8.61E+21;1;-5;;Da ist aber jemand verzweifelt! 
123;8.61E+22;1;-5;;Die Katze ist aus dem Sack: die @SPDSH legt sich für den Machterhalt auch mit der Linken ins Bett. Furchtbar!  #ltwsh
124;8.62E+21;1;-5;;Traurige Leute, die solche Schlagzeilen produzieren! @BILD @BILD_Politik @spdbt @BayernSPD 
125;8.62E+22;1;-5;;INKLUSION soll in Koalition GROß geschrieben werden! so @ElkeBreitenbach auf Empfang @ParitaetBerlin @teilhabebewegt 
126;8.63E+22;1;-5;-1;sehr sehr schade! 
127;8.64E+22;1;-5;-1;Das ist eine wirklich traurige Nachricht. <f0><U+009F><U+0098><U+00A3> #Israel #ESC2017
128;8.64E+22;1;-5;-1;Ekelhafte Hetze von #Plickert @gdp_nrw ! #GdP macht Anti #AfD Propaganda. Der Typ soll ja #SPD Mitglied sein. 
129;8.64E+22;1;-5;;Ja, ich bin heute sehr traurig für meine sozialdemokratischen  Freunde in NRW. Glückwunsch an die Wahlsieger.
130;8.64E+22;1;-5;-1;Gratulation an die CDU und FDP. Bin natürlich sehr traurig und enttäuscht.
131;8.64E+20;1;-5;;Schreck! Verbindungen in die linke Szene von #Connewitz. #Polizei #Leipzig  hat RB-Fanszene im Blick 
132;8.64E+22;1;-5;;Schreck! Verbindungen in die linke Szene von #Connewitz. #Polizei #Leipzig  hat RB-Fanszene im Blick 
133;8.64E+22;1;-5;;#Nazi-V-Mann aus Ostsachsen besorgte 2000 einen Koller voller Waffen! Das kam gestern im #NSUUA #Sachsen raus. Mehr: 
134;8.65E+22;1;-5;;#Nazi-V-Mann aus Ostsachsen besorgte 2000 einen Koller voller Waffen! Das kam gestern im #NSUUA #Sachsen raus. Mehr: 
135;8.65E+22;1;-5;;Leider kann ich wegen der Sitzungswoche in Berlin nicht dabei sein!  #UlliNissen 
136;8.65E+22;1;-5;;Zum Beispiel #Versichertengemeinschaft der DAK - #Tarnmanöver einer egoistischen Vereinigung! 
137;8.66E+22;1;-5;;Kann ich leider aus meinem Wahlkreis bestätigen - Verhalten von #DocMorris #Versandapotheke äußerst schwierig! 
138;8.66E+22;1;-5;;Kann ich leider aus meinem Wahlkreis bestätigen - Verhalten von #DocMorris #Versandapotheke äußerst schwierig! 
139;8.67E+21;1;-5;-1;Tote, Verletzte, so viel Leid in Manchester, wie schrecklich! Ein Anschlag bei einem Konzert,heimtückisch - es fehlen die angemessenen Worte
140;8.67E+22;1;-5;;Das fürchterlich homogene Japan muss fast vollkommen auf Kriminalität verzichten - so traurig!
141;8.67E+22;1;-5;;Alles sehr traurig. Ich schaue jetzt Octopussy. Und danach die Wildgänse. RIP, Roger Moore.
142;8.67E+22;1;-5;-1;Ich bin entsetzt und sehr traurig. Die Opfer sind Kinder. Meine Gedanken sind bei den Angehörigen und den Verletzten #manchester
143;8.68E+21;1;-5;;Leider kann ich nicht dabei sein! 
144;8.68E+22;1;-5;;Schamlos beschaemen- Shamestorms, Onlinepranger, Diskussion auf dem DEKT in Berlin u.a. mit Ines Pohl, Dieter Thoma
145;8.69E+22;1;-5;;Sehr schade @Eintracht #SGE toll gekämpft! Glückwunsch @BVB #Pokalsieger2017 #SGEBVB Gruß nach Berlin @danielmack @marcusbocklet @nouripour
146;8.69E+22;1;-5;;Bernie Sanders unter US-Präsident Trump: Aufrecht, ernsthaft und sehr zornig 
147;8.69E+22;1;-5;;Sehr traurig. Alles Gute, Erwin Sellering. 
148;8.70E+22;1;-5;-1;Abschiebungen nach #Afghanistan wegen furchtbaren Anschlags nur HEUTE gestoppt! Ist es für #deMaizière MORGEN wieder sicheres Herkunftsland?
149;8.70E+21;1;-5;;Aus für Hygieneampel? Schwarzgelb kommt, #Verbraucherschutz muss weichen. So läuft es leider immer! #NRW 
150;8.70E+22;1;-5;;So, Büro ist leergeräumt. Ab morgen dann kein Abgeordneter mehr. Schön war es. Leider nicht so ergiebig wie gehofft, dennoch viel erreicht!
151;8.70E+22;1;-5;;Traurig ist es eine GG gesicherte Planungssicherheit der neuen Bundesländer als rausreden zu bezeichnen! 
152;8.70E+22;1;-5;-1;Ätzend - leider habe von dieser Person #Trump nichts anderes erwartet!<ed><U+00A0><U+00BD><ed><U+00B8><U+00A3><ed><U+00A0><U+00BD><ed><U+00B8><U+0095> 
153;8.71E+22;1;-5;;Erst Hermann #Göring... dann Norbert #Lammert: Traurige Beispiele für den Umgang mit #Alterspräsidenten! #Bundestag #btw #btw2017 #afd
154;8.71E+21;1;-5;;Das war unsere Grafik zum #Kindertag 2016. Das Thema ist leider immer noch aktuell! 
155;8.71E+22;1;-5;;Totaler Verlierer, so traurig! - Greenpeace-Projektion an der Fassade der US-Botschaft heute Morgen in Berlin (dmo) 
156;8.71E+22;1;-5;-1;Totaler Verlierer, so traurig! - Greenpeace-Projektion an der Fassade der US-Botschaft heute Morgen in Berlin (dmo) 
157;8.71E+22;1;-5;-1;Furchtbar! 
158;8.71E+22;1;-5;-1;Schrecklich, ein Bekannter schreibt mir gerade, dass in London auch Schüsse fallen. Es ist einfach schrecklich! @BZ_NachtFloh @GdP_Berlin
159;8.71E+22;1;-5;-1;Schön blöd. Nein, nicht nur blöd - ekelhaft! 
160;8.72E+22;1;-5;;Besorgt sein reicht nicht @DFB Chef muss handeln! Katar-Isolation: DFB-Präsident Grindel besorgt via @zeitonline 
161;8.72E+22;1;-5;;Verantwortl. für rechtswidrige #BrennelementeSteuer waren Merkel &amp
162;8.74E+22;1;-5;;Das ist voll gruselig!!  
163;8.74E+22;1;-5;;Bei der #AfD gibts WUT!, bei @CDU wird gelacht &amp
164;8.75E+22;1;-5;;Es ist leider #BIld die die Doku #Antisemitismus in Europa zeigt , sie ist für Stunden online - trotzdem  ansehen! 
165;8.75E+22;1;-5;-1;Tödlicher Unfall: Mein aufrichtiges Beileid den Angehörigen. Leider fällt Arbeitsschutz meist dem Profit zum Opfer! 
166;8.75E+22;1;-5;-1;Traurige Bilanz! - 15 330 Flüchtlinge aus Syrien leben in Berlin von Hartz IV 
167;8.76E+22;1;-5;;Noch heute macht mich der Tod von #JoCox traurig! 
168;8.76E+22;1;-5;-1;Sehr traurig. Einer dieser Tage mit einem Moment, den man nie mehr vergisst.
169;8.76E+22;1;-5;-1;Ich bin heute sehr traurig! #helmutkohl
170;8.76E+22;1;-5;;Ein sehr trauriger Tag für Deutschland, Europa und die Welt. #HelmutKohl 
171;8.76E+22;1;-5;;Fazit Berlin: die Identitären sind eine unberechenbare extrem aggressive &amp
172;8.76E+22;1;-5;-1;Sie haben den IS-Terror überlebt und sind nun schwer traumatisiert: Jesidische Kinder brauchen dringend Hilfe! 
173;8.76E+22;1;-5;;Fazit Berlin: die Identitären sind eine unberechenbare extrem aggressive &amp
174;8.77E+22;1;-5;-1;Schrecklich! Meine Anteilnahme geht nach Portugal. Dreitägige Staatstrauer - Viele Tote bei Waldbrand in Portugal 
175;8.77E+22;1;-5;;Tun wir etwas , wo der Krieg den Kindern die Zukunft raubt!! #Kindheitbrauchtfrieden 
176;8.77E+22;1;-5;;Angst nein, Sorge ja! - Geldjäger Walter-Borjans hat Angst um politisches Erbe 
177;8.78E+22;1;-5;;Fußball &amp
178;8.78E+22;1;-5;;#R2G bedient sich selbst.Der Berliner Senat leitet, leitet, leitet. Der Steuerzahler leidet, leidet, leidet. 
179;8.78E+22;1;-5;-1;Es ist ekelhaft: Antisemitismus-Skandal!: Israel-Gegner beleidigen Holocaust-Überlebende (via @berliner_kurier.de) 
180;8.78E+22;1;-5;;Retweeted Henry Bernhard (@henry_bernhard):Es ist ekelhaft: Antisemitismus-Skandal!: Israel-Gegner beleidigen... 
181;8.78E+22;1;-5;;Es ist ekelhaft: Antisemitismus-Skandal!: Israel-Gegner beleidigen Holocaust-Überlebende (via @berliner_kurier.de) 
182;8.79E+22;1;-5;-1;Armselig, armseliger, #martinschulz Ein Anschlag auf Demokratie ist es, sich vor Amt in #regierung zu drücken und dann zu mosern! #spdbpt
183;8.79E+20;1;-5;;Ringelpiez mit Anfassen oder ein verzweifeltes aneinander Festklammern...?!? #schulzmitlustig 
184;8.79E+22;1;-5;-1;Franz Schwarz ist gestorben.Ich bin sehr traurig.Pass' auf Dich auf. 
185;8.79E+22;1;-5;;Genau, schließlich hat die CDU ja kein Konzept dazu. Wäre daher voll fies darüber vor einer Wahl zu reden. 
186;8.79E+22;1;-5;;hab (leider, durch eine Ausladung) morgen und übermorgen unverhoffte Zeit, die ich (Hurra!) einfach so verbringen... 
187;8.80E+22;1;-5;;Genau, schließlich hat die CDU ja kein Konzept dazu. Wäre daher voll fies darüber vor einer Wahl zu reden. 
188;8.80E+22;1;-5;;. och wie traurig! Alexandra #Kassen gestorben. Viele Künstler verdanken ihr ihre Karriere. RIP Du getreue Sozialdemokratin <U+2764> #Senftöpfchen
189;8.80E+22;1;-5;;leider haben cdu und csu dagegen gestimmt! 
190;8.80E+22;1;-5;;@tobiaslindner Hättet ihr sie mit uns runternehmen müssen. So entsteht ein sehr falscher Eindruck über eure Position!
191;8.80E+22;1;-5;-1;Extrem traurig.. 
192;8.80E+22;1;-5;-1;Horst-Dieter Brähmig ist tot. @dieLinke hat dem ersten OB der PDS viel zu danken. Ich bin sehr traurig + gedenke seiner voller Hochachtung.
193;8.80E+22;1;-5;;4 Jahre GroKo, leider 4 verlorene Jahre für die#Abrüstung - Höchste Zeit für mehr Mut! #zukunftwirdausmutgemacht 
194;8.80E+22;1;-5;;#ACHTUNG #ABSAGE Wir müssen das #jufo17 für morgen leider und schweren Herzens ABSAGEN! Aufgrund des Unwetters... 
195;8.81E+22;1;-5;;Das Wetter wird diesem heutigen Feiertag leider gar nicht gerecht! #Ehefueralle #Bundestag
196;8.81E+22;1;-5;;Offener Brief an den Bundestagspräsidenten: „Ihr Verhalten ekelt mich an, Herr Lammert!“ <ed><U+00A0><U+00BD><ed><U+00B1><U+008D> 
197;8.82E+22;1;-5;;Offener Brief: „Ihr Verhalten ekelt mich an, Herr Lammert!“ 
198;8.82E+22;1;-5;;Idee von @HeikoMaas alles andere als neu. Der Minister hat leider keinerlei Plan, was die genaue Ausgestaltung angeht! #Digitalagentur
199;8.82E+21;1;-5;-1;#busunglueck : Ich gedenke traurig der Toten, bete für die Verletzten, fühle mit den Angehörigen und fordere Technik gegen Auffahrunfälle!
200;8.83E+22;1;-5;-1;Mord und Totschlag in Sachsen inzwischen auf der Tagesordnung! #AfD #Hütter  
1;8.83E+22;1;-5;-1;Mord und Totschlag in Sachsen inzwischen auf der Tagesordnung! #AfD #Hütter  
2;8.83E+22;1;-5;;Spannend. Besonders traurig ist die Forderung nach dem Rückkehrrecht aus der Teilzeit, das hätte die #CDU / #CSU... 
3;8.83E+22;1;-5;-1;Ganz Hamburg hasst den schwarzen Block - Haut ab- haut ab - haut ab !!!! #G20HH2017 #G20 #G20HH17 #G20Ham17 #G20Ham17 #g20 #G20Gipfel
4;8.83E+21;1;-5;;Ganz Hamburg hasst den schwarzen Block - Haut ab- haut ab - haut ab !!!! #G20HH2017 #G20 #G20HH17 #G20Ham17 #G20Ham17 #g20 #G20Gipfel
5;8.83E+22;1;-5;-1;Videos zeigen sinnlose und erschreckende Gewalt des schwarzen Blocks: DIE SCHANDE VON #HAMBURG! #G20HAM17 #G20ham  
6;8.83E+22;1;-5;-1;Um den üblen Diffamierungen nur einmal entgegenzutreten: Mein Sohn ist weder in Hamburg noch hat er was mit Gewalt zu tun. Das ist ekelhaft!
7;8.84E+22;1;-5;;Ich bin leider nicht in Hamburg! Ich höre und lese aber Meldungen über eine (kleinere) Horde, die Schaufenster... 
8;8.84E+22;1;-5;;Erschreckend, ja krass! Das muss uns aufrütteln: wohin geht die Reise unserer Gesellschaft, unserer Demokratie? 
9;8.84E+22;1;-5;;Leider Realität und von rot-grün gewollt! Hamburg: Konsequenz einer Kuschelpolitik mit Linksextremen  via @welt
10;8.84E+21;1;-5;;@StriegSe Leider verstehen Sie meine Frage nicht! Darum nochmal: Distanzieren Sie sich von der Antifa und dem schwarzen Block? Ja oder nein?
11;8.85E+22;1;-5;-1;Den #Naturschutz stärken an der Grenze zu #Tschechien ist für #Staatsregierung kein Thema. Traurig! #GrünesBand 
12;8.85E+22;1;-5;;#G20HH17 : Wir hätten den anderen Vorbild in Sachen #Pressefreiheit sein müssen. Waren es scheinbar nicht.Traurig! 
13;8.85E+22;1;-5;;Endlich - die Schuldenuhr ist wieder da.....Wir hatten sie auch schon sehr vermisst!#NRW 
14;8.85E+22;1;-5;;@GYGeorg @SilkeGebel @clubcommission @_musicboard Die haben deinen Namen falsch geschrieben, immerhin dich nicht verwechselt
15;8.85E+22;1;-5;;Das waren erschreckende Bilder gestern abend!Wir Grüne fordern daher eine Sondersitzung des Agrarausschusses #ltnrw
16;8.85E+21;1;-5;;.@m_dueker &amp
17;8.85E+21;1;-5;;.@m_dueker &amp
18;8.85E+21;1;-5;;.@m_dueker &amp
19;8.85E+21;1;-5;;.@m_dueker &amp
20;8.86E+22;1;-5;;.@m_dueker &amp
21;8.86E+21;1;-5;-1;Polizei hat sich während #G20 extrem brutal Verhalten - erst jetzt wird ein Übergriff in Bahrenfeld bekannt 
22;8.86E+22;1;-5;;Ihr Fraktionsvorsitzender bedauert das sehr. Ist aber trotzdem (leider) richtig. @Halina_Waw @Linksfraktion 
23;8.87E+21;1;-5;-1;Die Justizreformen in #Polen sind eine Beendigung der Unabhängigkeit der Justiz vom Staat. Traurige Entwicklung! 
24;8.88E+22;1;-5;-1;Schulen vor dem Kollaps: Lehrer verzweifeln an Flüchtlings-Willkommensklassen!  #AfD #Hütter #TrauDichDeutschland 
25;8.89E+22;1;-5;;@cducsubt @stephanharbarth traurig, traurig. Er sollte doch wenigstens wissen was seine Fraktion gemacht hat.
26;8.90E+22;1;-5;-1;Viel zu früh hat Amir sich von uns verabschiedet. Ich bin sehr traurig<ed><U+00A0><U+00BD><ed><U+00B8><U+00AD> 
27;8.90E+22;1;-5;;Wir sind sehr besorgt über die weiteren Verzögerungen bei der Neugestaltung der Ortsmitte und kritisieren die... 
28;8.90E+22;1;-5;;@TomSchreiberMdA @BILD_Berlin Heinz hat wie immer keine Ahnung und bekommt für die Beträge leider auch noch Geld!
29;8.91E+22;1;-5;;Schrecklich! 
30;8.91E+22;1;-5;-1;Ich bin noch völlig geschockt und sehr traurig über die Tat eines Einzelnen...  #Barmbek 
31;8.92E+22;1;-5;;Schade - aber leider zu Recht! 
32;8.94E+22;1;-5;-1;Das ist echt furchtbar traurig. 
33;8.94E+22;1;-5;;Therapie-Angebote für traumatisierte #Geflüchtete: Korrekte Diagnose, unzureichende Behandlung - Angebote ausbauen!  
34;8.95E+22;1;-5;;Sehr traurig. Durfte ihn 2016 im V&amp
35;8.96E+22;1;-5;;#Digitalpakt: Leider nur Wahlkampfgetöse! Es stockt beim Digitalpakt für Schulen via @tagesspiegel #MutluDirekt
36;8.96E+22;1;-5;;Wenn sich drei streiten, leidet das Landesverwaltungsamt. Wäre mal innovativ, wenn mehr Personal eingestellt würde.
37;8.96E+22;1;-5;;#Digitalpakt: Leider nur Wahlkampfgetöse! Es stockt beim Digitalpakt für Schulen via @tagesspiegel #MutluDirekt
38;8.96E+22;1;-5;;MP Weil: Macht darf niemals Selbstzweck sein. Sie muss immer Mittel zum Zweck sein. Sehr traurig, dass man die CDU daran erinnern muss.
39;8.96E+22;1;-5;-1;Skrupellos wird Afrika  ausgeraubt - #Panama Papers beschreiben wie!
40;8.96E+22;1;-5;;Der @GruenMeyer knackig: Ich freue mich, dass die SchülerInnen, die unter Althusmann gelitten haben, jetzt wahlberechtigt sind! #ldknds
41;8.96E+21;1;-5;;Jede #Asylrechtsverschärfung lässt sich an Patient*innen ablesen. Mehr support für traumatisierte #Geflüchtete! 
42;8.98E+22;1;-5;;Sei kein Trottel antirassistische Aufklärung ist nicht von gestern, sondern leider sehr aktuell! 
43;8.98E+22;1;-5;;Lage ändert nichts daran, dass man an vergangenen Unternehmensentscheidungen verzweifeln kann, dafür können aber die Beschäftigten nix!
44;8.98E+22;1;-5;-1;Einfach abstoßend und grausam! In Gedanken bei den Opfern und ihren Familien. #Barcelona
45;8.98E+22;1;-5;-1;Meine Gedanken gelten den Opfern, mein Beileid den Angehörigen. Hass ist keine Lösung! #Barcelona #lasRamblas
46;8.98E+22;1;-5;;Hass darf nicht gewinnen!#Barcelona #Irak #Syrien #Jemen #Mali ....... 
47;8.99E+22;1;-5;;Auch der #Bayerische #Strafvollzug leidet unter #Personalmangel! @hsterr @BayernGerechter @dgb_news @verdiTV 
48;9.00E+21;1;-5;;So ist das ... es ist wirklich erschreckend, wie niveaulos #Spahn und #Dobrindt argumentieren ... 
49;9.00E+21;1;-5;-1;@TomSchreiberMdA @bdk01berlin Du bist leider ein hoffnungsloser Fall !
50;9.01E+22;1;-5;-1;Folter, Vergewaltigungen, willkürliche Hinrichtungen - #Libyen ist kein sicherer Hafen! #DontFundViolence 
51;9.01E+22;1;-5;;Interview mit @MartinSchulz : „Geiz ist geil gilt leider auch an der Wursttheke!“ (PREMIUM) 
52;9.01E+22;1;-5;-1;Wut, Hass und Empörung der Gutmenschen über das #AfD-#Bikini-Plakat laufen ins Leere! <ed><U+00A0><U+00BD><ed><U+00B8><U+008E> 
53;9.01E+22;1;-5;-1;Eine sehr traurige Nachricht. Mein Beileid und meine Gedanken sind bei Axel Bernsteins Familie. 
54;9.02E+22;1;-5;-1;Atomkonflikt mit Nordkorea: Russland extrem besorgt wegen Raketenabschuss - SPIEGEL ONLINE - Politik 
55;9.03E+22;1;-5;;Die #Linke versucht verzweifelt im Wahlkampf Aufmerksamkeit zu bekommen!#btw2017 
56;9.04E+22;1;-5;;Leider weiß @MartinSchulz nicht, dass für den Vollzug der Ausreise die Länder zuständig sind! #tvduell
57;9.05E+22;1;-5;;@olavgutting Nö. Ist aber extrem peinlich für die Zeitung.
58;9.05E+22;1;-5;;Auf nach Berlin - Plenarsitzung, Sondersitzung des Verteidigungsausschusses, Reise nach Konja mit der Nato (?). Mal kein Wahlkampf, leider!
59;9.05E+22;1;-5;;Leider unter Ausschluss der Öffentlichkeit! #CumCum #Lungern 
60;9.05E+22;1;-5;;Ihr seid echt verzweifelt... 
61;9.06E+22;1;-5;;Demo für alle will am 15.09. in Berlin gegen LSBTIQ hetzen. Lasst uns auf die Straße gehen.Hass ist keine Meinung!
62;9.06E+22;1;-5;-1;Okay, da sind schon Einheimische ums Leben gekommen oder haben alles verloren, aber Deutsche Urlauber HABEN ANGST!!! @Bild 
63;9.07E+22;1;-5;;Wenn #Linke sich so richtig selbst vorführen. Es ist köstlich, aber zugleich erschreckend!#AfD #Btw17 #Poggenburg 
64;9.07E+22;1;-5;;Ein Bild mit Symbolkraft. Merkels Wahlspruch trifft leider nicht mehr auf die zu, die schon länger hier leben! 
65;9.07E+22;1;-5;;Absolut notwendig! Wanka fordert faire Verträge für Wissenschaftler
66;9.07E+22;1;-5;;Absolut notwendig! Wanka fordert faire Verträge für Wissenschaftler
67;9.07E+22;1;-5;-1;Furchtbare Bilder,katastrophale Folgen für die Menschen in betroffenen Regionen-wir müssen jetzt endlich handeln! 
68;9.07E+22;1;-5;-1;Genau so läuft dieses ekelhafte Spiel! 
69;9.07E+22;1;-5;-1;Ein Verfassungsfeind wie Maas wirft der #AfD vor, verfassungsfeindlich zu sein? Die SPD ist wohl völlig verzweifelt!
70;9.08E+22;1;-5;-1;Der Tod von #HeinerGeißler macht mich traurig - er war ein aufrechter streitbarer Politiker! 
71;9.08E+22;1;-5;-1;Ich bin sehr traurig, dass Heiner Geißler von uns gegangen ist!
72;9.08E+22;1;-5;;Ich bin sehr traurig. Heiner Geißler ist tot. Ein großer Politiker und Mensch ist von uns gegangen.
73;9.08E+22;1;-5;;+++WANTED+++Mann (70) in Garage ausgeraubt - Polizei sucht Tatverdächtigen mit Foto!  
74;9.08E+22;1;-5;-1;Einfach schrecklich! 
75;9.08E+21;1;-5;-1;Leider Diskriminierung nicht nur bei der Job-, sondern auch bei der Wohnungssuche! @anonymeBewerbungen #kiezregiert 
76;9.09E+22;1;-5;;Wenn selbst Gebäude zu sehr leiden, dann kann es schon mal zu so etwas kommen... #TrauDichDeutschland 
77;9.10E+22;1;-5;;Gleichstellung ist für Fr Merkel Treffen mit Ivanka Trump &amp
78;9.10E+21;1;-5;;Gleichstellung ist für Fr Merkel Treffen mit Ivanka Trump &amp
79;9.10E+22;1;-5;;Verzweiflung pur! @MartinSchulz verspricht in einer Sendung mehr, als @Ralf_Stegner  in einem Jahr twittert <f0><U+009F><U+0098><U+0085>
80;9.10E+22;1;-5;;Sicherheit wird in diesen Tagen ganz GROß geschrieben! #AfD #Hütter #TrauDichDeutschland 
81;9.10E+22;1;-5;;Heute Abend wird es dann richtig spannend. @reportmainz berichtet über die Machenschaften von #Strenz und Co. im #Europarat. Tief traurig!
82;9.10E+22;1;-5;-1;Sehr traurige Nachricht. Tolle Frau. Mein herzliches Beileid den Angehörigen. R. I. P. 
83;9.10E+21;1;-5;;Leider muß ich schon wieder die Diäten von König-Preuss pfänden!#ramelüringen #jena #erfurt #afd #r2g
84;9.11E+22;1;-5;;Leider stimmt das alles!
85;9.11E+22;1;-5;;Sie haben den IS-Terror überlebt und sind nun schwer traumatisiert: Jesidische Kinder brauchen dringend Hilfe! 
86;9.11E+22;1;-5;-1;Heute ist bestätigt worden, die PolizeiHamburg hat es nicht mit den Gesetzen. Leider ohne Folgen für die Täter! 
87;9.12E+22;1;-5;-1;Verzweiflung bei der #SPD!Wahlkämpfer zerstören Luftballons von Kindern auf denen #AfD drauf steht. #AfDwaehlen #SPDmussweg
88;9.12E+22;1;-5;;Verzweiflung bei der #SPD!Wahlkämpfer zerstören Luftballons von Kindern auf denen #AfD drauf steht. #AfDwaehlen #SPDmussweg
89;9.12E+22;1;-5;-1;Bekämpfen wir diese verkommene Bande - unsere Angst jedenfalls kriegen sie nicht! #AfD #btw17
90;9.12E+22;1;-5;;Bekämpfen wir diese verkommene Bande - unsere Angst jedenfalls kriegen sie nicht! #AfD #btw17
91;9.12E+22;1;-5;;@PeterMeiwald Oh man dass wäre  echt schade :(
92;9.12E+22;1;-5;-1;Ein ziemlich arroganter , unsympathischer Auftritt von Herrn Schulz bei der SPDPreko!
93;9.12E+22;1;-5;;Der Frauenanteil sinkt im neuen Bundestag von 37% auf 30% - 100 Jahre nach Einführung des Frauenwahlrechts echt traurig! #BTWahl2017
94;9.13E+22;1;-5;;@Holger_Michel Bekämpfen wir diese verkommene Bande - unsere Angst jedenfalls kriegen sie nicht!
95;9.13E+22;1;-5;;Traurig, traurig. Die #AfD hat jetzt den Antrag gestellt die #Volksbuehne zu räumen. #wiebloedistdasden?
96;9.13E+22;1;-5;-1;Von wegen zu viel NS im Unterricht - 40% aller Schüler 14+ wissen nicht was Auschwitz war. Erschreckend! 
97;9.14E+22;1;-5;-1;Sehr traurig. #RIP 
98;9.14E+22;1;-5;;Traurig!! Bekannt aus „Tatort“ und „Polizeiruf 110“: Schauspieler Andreas Schmidt ist tot (via @berlinerzeitung) 
99;9.16E+22;1;-5;;Das ist schon eine furchtbare Gurken Truppe! #AfD 
100;9.16E+22;1;-5;;BGH: keine Tabakwerbung i Internet. Aussenwerbung muss auch weg. Nur Lobby will rauchende Kinder!  via @SPIEGELONLINE
101;9.16E+22;1;-5;;Unsere Gedanken sind bei den Familien und den Freunden. Ich bin sehr traurig. Allen Verletzten von Herzen schnelle Genesung. 2/2
102;9.16E+22;1;-5;;Diese Koalition ähnelt mehr <ed><U+00A0><U+00BC><ed><U+00B7><U+00A7><ed><U+00A0><U+00BC><ed><U+00B7><U+00B7> als <ed><U+00A0><U+00BC><ed><U+00B7><U+00AF><ed><U+00A0><U+00BC><ed><U+00B7><U+00B2>: ganz viel grün mit einem gelben Klecks. Leider ohne einen Hauch von #AfD-<ed><U+00A0><U+00BD><ed><U+00B2><U+0099>!<U+27A1><U+FE0F>
103;9.17E+22;1;-5;;Verzweifelter Appell der Bürgermeisterin von Barcelona!Stellungnahme von @AdaColau zum Referendum in #Katalonien 
104;9.17E+22;1;-5;;Leider hat Frank Plasberg nichts verstanden! 
105;9.17E+22;1;-5;;Diese Koalition ähnelt mehr <ed><U+00A0><U+00BC><ed><U+00B7><U+00A7><ed><U+00A0><U+00BC><ed><U+00B7><U+00B7> als <ed><U+00A0><U+00BC><ed><U+00B7><U+00AF><ed><U+00A0><U+00BC><ed><U+00B7><U+00B2>: ganz viel grün mit einem gelben Klecks. Leider ohne einen Hauch von #AfD-<ed><U+00A0><U+00BD><ed><U+00B2><U+0099>!<U+27A1><U+FE0F>
106;9.17E+22;1;-5;;Darf's noch eine #Stacheldrahtsuppe oder ein #Selbstschusswürstchen sein? Ekelhaft! 
107;9.17E+22;1;-5;;Darf's noch eine #Stacheldrahtsuppe oder ein #Selbstschusswürstchen sein? Ekelhaft! 
108;9.17E+22;1;-5;;Sehr, sehr schade! #sinzig 
109;9.18E+22;1;-5;;Keine fake news (leider): Linksbornierte Kräfte in d Land versuchen mit aller Macht vernünftigen Begrenzungskompromiss z Zustrom zu zerreden
110;9.18E+22;1;-5;-1;Ausw. Amt vertuscht KZ-ähnliche Lager in Libyen: Nicht #Flüchtlinge, sondern #Fluchtursachen gehören bekämpft! 
111;9.18E+22;1;-5;;Ausw. Amt vertuscht KZ-ähnliche Lager in Libyen: Nicht #Flüchtlinge, sondern #Fluchtursachen gehören bekämpft! 
112;9.18E+22;1;-5;;Ausw. Amt vertuscht KZ-ähnliche Lager in Libyen: Nicht #Flüchtlinge, sondern #Fluchtursachen gehören bekämpft! 
113;9.18E+22;1;-5;;Leider will sich die schwarz/gelbe Koalition im #ltnrw nicht für den Konzernsitz von @thyssenkrupp/tata in #NRW einsetzen! #ZukunftStahl
114;9.18E+22;1;-5;;  Der #Frankfurter #Goetheturm ist abgebrannt - ein wichtiges Wahrzeichen ist weg - das macht macht mich traurig!
115;9.18E+21;1;-5;-1;Wirklich traurig: Der #GoetheTurm in #Frankfurt #Sachsenhausen ist abgebrannt. 
116;9.18E+22;1;-5;;Leider liegt die Entscheidung nicht beim Bürger! 
117;9.19E+22;1;-5;-1;+++Leider kein Einzelfall: Polizisten von Flüchtlingen verletzt!+++ #AfD #Hütter  
118;9.19E+22;1;-5;-1;Schrecklich! Da fehlen mir die Worte. 
119;9.19E+22;1;-5;;Schrecklich! 
120;9.19E+22;1;-5;;Leute kriegen in #Ägypten jahrelang Knast für Schwenken von Regenbogenfahnen &amp
121;9.20E+22;1;-5;;Unglaublich peinlicher Bericht vom Bild Reporter <ed><U+00A0><U+00BD><ed><U+00B9><U+0088><ed><U+00A0><U+00BD><ed><U+00B9><U+008A><ed><U+00A0><U+00BD><ed><U+00B8><U+00B3>!!!
122;9.20E+22;1;-5;;Furchtbar! Hoffentlich macht das auch dem Letzten klar, mit wem sich sich manche „Steueroptimierer“ gemein machen. 
123;9.20E+22;1;-5;-1;Ein furchtbarer Mord, der aufgeklärt werden muss! Und warum haben BMW, BASF &amp
124;9.20E+22;1;-5;;Die Nachricht erschreckt mich sehr - hoffentlich wird der grausame Mord sehr schnell aufgeklärt!  #UlliNissen
125;9.20E+22;1;-5;;Bertelsmann-Studie zu Ganztagsschülern: Bayern trauriges Schlusslicht - Rechtsanspruch ist überfällig! - MIT O-TON 
126;9.20E+22;1;-5;;Tagesschau abschaffen fordert man auch nur, wenn man sehr traurig ist, dass man nie in der Tagesschau vorkommt.
127;9.20E+22;1;-5;;Ein furchtbarer Mord, der aufgeklärt werden muss! Und warum haben BMW, BASF &amp
128;9.20E+22;1;-5;;Am Sonntag stellen wir klar: Hass und Rassismus haben im Bundestag keinen Platz! Macht mit &amp
129;9.21E+22;1;-5;;Am Sonntag stellen wir klar: Hass und Rassismus haben im Bundestag keinen Platz! Macht mit &amp
130;9.21E+21;1;-5;;#Tagesschau: Unabhängige Nachrichten sind wichtig.Stimmt, aber die Tagesschau ist leider das Gegenteil! 
131;9.21E+22;1;-5;;Ein furchtbarer Mord, der aufgeklärt werden muss! Und warum haben BMW, BASF &amp
132;8.15E+22;2;-5;;#IstanbulAttack schrecklich - 2017 fängt an wie 2016 aufhörte: der #Terror kriegt uns auch im neuen Jahr nicht klein! #frieden #freiheit
133;8.18E+21;2;-5;;Extrem aggressive linke Demo mit #Antifa-Fahnen in #Dessau. Polizei stark gefordert, das wahre Gesicht vieler Linken und Ausländer in D...
134;8.19E+22;2;-5;-1;Das Russisch-Roulette geht leider weiter: Verpuffung im #AKW #Doel #Belgien - Endlich Abschalten! Sofort! #atomkraft 
135;8.19E+22;2;-5;;#Lohngerechtigkeit nicht mit diesem Entwurf! Für die meisten #Frauen wirkungslos - leider! Da muss nachgelegt werden
136;8.20E+22;2;-5;-1;Peinlich, traurig, standortschädlich. Und es gibt tatsächlich welche, die sich darüber freuen. 
137;8.22E+22;2;-5;;Lieber @Wissing , stecke leider immer noch im Aufzug fest (kein Witz!), so dass ich es nicht mehr zur Grünen Woche schaffe. Sorry.
138;8.32E+22;2;-5;;@sven_kindler @GrueneBundestag Richtig! Geht aber mit @cducsubt leider nicht!
139;8.32E+22;2;-5;;Kinder als Soldaten töten! DOPPELT! #redhandday @spdbt @socialhubBT 
140;8.34E+22;2;-5;;#gutearbeitverbindet: „Die Mitbestimmung im Betrieb ist ein Zukunftsmodell. Leider haben das noch nicht alle begriffen!
141;8.34E+22;2;-5;;#gutearbeitverbindet: „Die Mitbestimmung im Betrieb ist ein Zukunftsmodell. Leider haben das noch nicht alle begriffen!
142;8.37E+21;2;-5;;#America First - #Bayern Förster! Leider gibt es im #Freistaat seit Stoiber einen dramatischen Abbau von Forstfachleuten!
143;8.37E+22;2;-5;-1;@DB_Bahn Leider nicht Eure Woche! Nettoverspätungen bei drei Fahrten in dieser Woche (OL-B, B-Weißenhorn, Weißenhorn-A/Hochzoll): 240 min
144;8.38E+22;2;-5;;@arminia das hilft ja keinem... Die schwarz-weiß-blauen leiden halt in jeder Liga! 
145;8.38E+22;2;-5;;<ed><U+00A0><U+00BD><ed><U+00B4><U+0088><ed><U+00A0><U+00BD><ed><U+00B4><U+0088><ed><U+00A0><U+00BD><ed><U+00B4><U+0088>: Ob ihr wollt oder nicht:  Die Spd hat leider mit ihrem #spdhack richtig geil abgeliefert!  <ed><U+00A0><U+00BD><ed><U+00B2><U+00A5><ed><U+00A0><U+00BD><ed><U+00B2><U+00A5><ed><U+00A0><U+00BD><ed><U+00B2><U+00A5> DANKE, YAY 
146;8.38E+22;2;-5;;<ed><U+00A0><U+00BD><ed><U+00B4><U+0088><ed><U+00A0><U+00BD><ed><U+00B4><U+0088><ed><U+00A0><U+00BD><ed><U+00B4><U+0088>: Ob ihr wollt oder nicht:  Die Spd hat leider mit ihrem #spdhack richtig geil abgeliefert!  <ed><U+00A0><U+00BD><ed><U+00B2><U+00A5><ed><U+00A0><U+00BD><ed><U+00B2><U+00A5><ed><U+00A0><U+00BD><ed><U+00B2><U+00A5> DANKE, YAY 
147;8.41E+22;2;-5;;Die Nachricht vom Tod Horst Ehmkes macht mich sehr traurig. Er war ein großer Sozialdemokrat, überzeugender Redner und mutiger Querdenker.
148;8.41E+22;2;-5;;Die Nachricht vom Tod Horst Ehmkes macht mich sehr traurig. Er war ein großer Sozialdemokrat, überzeugender Redner und mutiger Querdenker.
149;8.43E+22;2;-5;;Eine parl. Mehrheit für d. Ehe f. Alle ist da! Leider hält die #SPD lieber zur #CDU, statt zu ihren Versprechen!  
150;8.43E+22;2;-5;;Guter Kommentar von @Hamburg_Pride-Vorstand Stefan Mielchen: Schäm dich, SPD! Das feige Spiel um die #EheFürAlle. 
151;8.44E+22;2;-5;-1;Das gleicht dem hissen der weißen Flagge! Union fällt über Wunschpartner FDP her! Verzweiflung pur! #NRWIR 
152;8.45E+22;2;-5;;@groehe Beste Grüße aus RLP - bin dieses Jahr leider nicht dabei!
153;8.45E+22;2;-5;;Meine Stimme ist sie nicht! Leider wird verschwiegen, dass sie an #SED Wiedergründung in #Thüringen mitgewirkt hat! 
154;8.48E+22;2;-5;;Fehlwurf! Leider kein intelligenter! @BriHasselmann zur Verabschiedung d. Verpackungsgesetzes im Bundestag. Recht hat sie! @GrueneBundestag
155;8.48E+21;2;-5;;#Highwaytohell, leider ohne Begleitmusik durch mehr #GeldfürInfrastruktur! #Dobrindt=Minusmann! 
156;8.48E+22;2;-5;;Leider kein Aprilscherz!Dank der #SVZ wird der hochausgebildete #Dahlemann dem Volk schmackhaft gemacht!#AfD 
157;8.49E+22;2;-5;;Pendeln macht depressiv! Arbeiten wahrscheinlich auch....wir haben Probleme.....
158;8.50E+22;2;-5;-1;Hass und Hetze haben weder auf der Straße noch im Netz etwas zu suchen! Gutes Gesetz von @HeikoMaas<ed><U+00A0><U+00BD><ed><U+00B1><U+008D> 
159;8.50E+22;2;-5;;Kennt ihr es schon? @post4julia hat ein Buch geschrieben! <ed><U+00A0><U+00BD><ed><U+00B2><U+00AA><ed><U+00A0><U+00BC><ed><U+00BE><U+0089>#stolzeMentorin #coffeetogoagain 
160;8.50E+22;2;-5;;Kennt ihr es schon? @post4julia hat ein Buch geschrieben! <ed><U+00A0><U+00BD><ed><U+00B2><U+00AA><ed><U+00A0><U+00BC><ed><U+00BE><U+0089>#stolzeMentorin #coffeetogoagain 
161;8.51E+22;2;-5;;Manchmal möchte man verzweifeln! Der Antisemitismus ist scheinbar mitten in unserer Gesellschaft angekommen! 
162;8.52E+22;2;-5;-1;Traurige Nachricht - hoffe, dass der FSV noch zu retten ist! FSV Frankfurt stellt Insolvenzantrag - Oha! 
163;8.52E+22;2;-5;;Lieber @ThomasOppermann, da ich weder Generalsekretär noch Wahlkampfleiter bin oder werde, ist Dein Tweet leider völlig gegenstandslos! :-)
164;8.54E+22;2;-5;-1;Erschreckend! #Aufschrei! Asylwelle stoppen! ieL unsere Kinder+Kindeskinder leiden unter Merkel! #Kinderarmut #Armut 
165;8.56E+22;2;-5;;Guter Faktencheck: Lindners Behauptung, dass Wohnungseinbrüche in NRW massiv zugenommen hätten, ist komplett falsch! 
166;8.56E+22;2;-5;;@kahrs @petertauber Wenn man sieht das man an manchen Orten nicht gewinnen! Da schreckt dann den Tauber!
167;8.58E+22;2;-5;;Leider kann man @DrKissler nicht retweeten, aber diese Frage ist einfach zu gut! ( Sorry Alexander Kissler ) 
168;8.58E+22;2;-5;;Traurig mit dem @KarlsruherSC! Ihr kommt wieder! #hahohe @HerthaBSC
169;8.61E+22;2;-5;;Rot-Grüne #Politik wirkt leider! <ed><U+00A0><U+00BD><ed><U+00B8><U+00AC> Am #Muttertag muss sich das ändern! #ltwnrw #EsGehtUmUnserLand 
170;8.62E+22;2;-5;-1;#Wohnungseinbrüche werden künftig härter bestraft. Gut so. Opfer leiden materiell, aber vor allem psychisch. Jetzt auch #Polizei stärken!
171;8.63E+22;2;-5;;Mein Satz der Woche:Gut, ich wähle die Grünen. Da leidet wenigstens ein Politiker mit und es gibt Hoffnung![Politiker: vermutlich ich]
172;8.67E+22;2;-5;-1;Keine Region leidet so sehr unter den rasanten Immobilienpreisen wie Oberbayern! Schön, dass @ManfredWebern handelt! 
173;8.71E+22;2;-5;;Moin! Heute wird Freitag mit K geschrieben! #Kraftklub #keinenachtfuerniemand
174;8.71E+22;2;-5;;Warum gibt es soviel Zuspruch in der Bevölkerung für die #Offenhaltung von #Tegel? Weil der #BER noch nicht am Netz ist. Leider!
175;8.73E+21;2;-5;;Jepp! So is's... leider!#Guten #Morgen und danke an:  #altparteien #afd 
176;8.74E+22;2;-5;;Seyran Ates gründet Moschee in der Frauen+Männer zusammen beten. Resultat: Morddrohungen!Von AfD? Nein,von Moslems! 
177;8.76E+21;2;-5;;Leider zu wenige der guten Enquete-Empfehlungen zu Digitalisierung im Handwerk im KoaVertrag! #NRWKoalition @Peter_Jahns @drbm62
178;8.76E+21;2;-5;;#Danke für die #Erinnerung! Der #Arbeiteraufstand und ehemalige #Nationalfeiertag verblasst leider zusehends! 
179;8.78E+22;2;-5;;Wie traurig! Gunter, du wirst fehlen! 
180;8.78E+22;2;-5;;EXTREM peinlicher Tweet für eine Regierungspartei!! Zeigt keine Sorgfaltsverantwortung! 
181;8.78E+22;2;-5;;#Tierschutz Fakten: #grüne #Niedersachsen schreibt Badewasser für Enten vor #CDU im Bund lehnt Schredderverbot für Küken ab! Grausam!
182;8.80E+22;2;-5;;Die Sicherheitslage wird leider nicht besser!Grenzen zu und in Ruhe aufräumen!AfD wählen!carsten-huetter.de
183;8.80E+22;2;-5;;Das Jawort kommt! Am Freitag wird Grüne Geschichte geschrieben! 30 Jahre waren nicht umsonst. #ehefueralle 
184;8.81E+22;2;-5;;#Ehefüralle Heute wird Geschichte geschrieben! Ich bin dabei! 
185;8.82E+22;2;-5;-1;Furchtbare Nachrichten! Unsere Gedanken sind bei den Unfallopfern. Wir wünschen den Verletzten baldige Genesung! #A9 
186;8.83E+21;2;-5;;@wibkegt @c_lindner Ist leider die Wahrheit!  Aber sei's drum. Etwas weniger Ideologie würde euch gut tun.
187;8.84E+22;2;-5;;So denken Linke: Plündern, branschatzen und Menschen verkrüppeln ist gut - nur nicht im eigenen Viertel. Ekelhaft!
188;8.84E+22;2;-5;-1;»Ganz #Hamburg hasst die Polizei!« <ed><U+00A0><U+00BD><ed><U+00B1><U+00AE> <ed><U+00A0><U+00BD><ed><U+00B1><U+00AE><U+200D><U+2640><U+FE0F>Nein!!! @SoliDavidwache @PolizeiHamburg @DPolGBerlin @DPolGHH 
189;8.85E+22;2;-5;;Unfair, @_verdi! Handel hat beim #G20 enorm gelitten. 2 verkaufsoffenen Sonntage als Entschädigung sind das Minimum. 
190;8.85E+22;2;-5;;Fun-Fakt: CDU-Programm wurde von einem Saarländer geschrieben! @SAARTEXT: CDU-Programm kommt Land teuer zu stehen 
191;8.86E+22;2;-5;;Gregor Gysi vor über 20 Jahren zur Entwicklung Europas und des Euros... und er hat Recht behalten! Leider! 
192;8.86E+21;2;-5;;Wie bei jeder Versammlung bzw Demonstrationen! Leider ja! 
193;8.88E+22;2;-5;;Hier und da sind Recht und Gesetz noch durchsetzbar. Das hilft den Rechtspopulisten, so #Stegner, und macht sehr traurig. 
194;8.89E+22;2;-5;;Einfach nur furchtbar! Das dürfen wir in #Deutschland nicht zulassen! 
195;8.90E+21;2;-5;;Einfach nur furchtbar! Das dürfen wir in #Deutschland nicht zulassen! 
196;8.93E+22;2;-5;;Die Superdemokraten!Wieder mal entblößt!Traurig, aber wahr!carsten-huetter.de 
197;8.93E+22;2;-5;;Leider wahr! Konzerne sind billig weg gekommen auf #Dieselgipfel 
198;8.98E+22;2;-5;-1;Wie furchtbar ist das Geschehen in #Barcelona - was gibt es für verblendete Verbrecher! Ich bin wütend und traurig!
199;9.00E+22;2;-5;;@TomSchreiberMdA @bdk01berlin Du verbesserst dich nicht- und lernst leider nichts dazu!
200;9.00E+22;2;-5;;...und so leiden die #Grünchen!<ed><U+00A0><U+00BD><ed><U+00B8><U+0082>Danke an:  
1;8.18E+22;5;-1;1;Zwei linke Polizisten verteidigen Grundrechte in Debatte zur Videoüberwachung. Sehr schön :-) @BuettnerAndreas 
2;8.20E+22;5;-1;;Sehr schön! Auch wenn die Reaktionen von CDU und SPD bezeichnend sind. Dennoch ist die Forderung richtig! 
3;8.23E+22;5;-1;;Read very carefully / Sehr sorgfältig lesen!: #USA #Trump #Obama 
4;8.23E+22;5;-1;1;Sehr schön! 
5;8.24E+22;5;-1;;@Wensierski Dieses Prinzenpaar hat bei der Bundeskanzlerin #NRW repräsentiert. Wir in #Ratingen sind sehr stolz auf #Samuel und #Jacinta!
6;8.30E+22;5;-1;;@stadtpunkte @tagesspiegel da reicht nicht Mobilisierung (schon geschehen) der Stadtgesellschaft - her mit Klagefonds für die MieterInnen!
7;8.31E+22;5;-1;1;@Sabine_Baetzing Alles Gute zum Geburtstag <f0><U+009F><U+0092><U+0090>! Viel Gesundheit und Freude für Dein neues Lebensjahr- und viele leckere Tassen <U+2615><U+FE0F>! <f0><U+009F><U+0098><U+008A>
8;8.34E+22;5;-1;;Wir sind in Kürze alle in #Essen+lassen uns bitte die leckeren Burger von Nicholas Smith nicht entgehen! #AfD #Trump 
9;8.35E+22;5;-1;1;@euklid_csgo @cem_oezdemir sehr sehr lecker!
10;8.37E+22;5;-1;;Ein anderer Blick auf und in der Bonner Oper beim kulturpolitischen Aschermittwoch in #bonn - sehr schön! 
11;8.38E+22;5;-1;1;@wolf_depken Sehr positiv! #Mobilität für Stadt und Land ist absolutes Schlüsselthema für enkeltaugliche Entwicklung des Landes
12;8.39E+22;5;-1;;Männer und Frauen von Nordrhein-Westfalen,ihr müßt jetzt sehr tapfer sein! 
13;8.39E+22;5;-1;1;Kochende Männer im Büro - ein Wert für sich. Mittagsstärkung für das Wahlprogramm! Und super lecker! 
14;8.39E+22;5;-1;;Besonders schön: die Grüne Bezirksausschussvorsitzende @anuka76 begrüßt die vielen Gäste &amp
15;8.39E+22;5;-1;;Schon geschehen! 
16;8.42E+21;5;-1;;@AliCologne besonders witzig da Tulpe aus dem türkischen 'tülbend' kommt &amp
17;8.43E+20;5;-1;1;Sehr schön! 
18;8.43E+22;5;-1;;@D_Stich *Jedi. Gern geschehen!
19;8.44E+22;5;-1;1;Über 200.000 Stimmen für Weiterbetrieb von #Tegel - unser Volksbegehren war extrem erfolgreich!#AfD
20;8.45E+22;5;-1;1;Tolle inhabergeführte Läden in #Saarbrücken heute besucht: innovativ und nachhaltig, z.B. die Veganeria. Lecker!! 
21;8.45E+22;5;-1;1;@TomSchreiberMdA @MaPhiMoTo @LinksfraktionB @nikschrader haha :) sehr freundlich! Danke dafür
22;8.47E+21;5;-1;;Extrem super Pitches beim #1stBMVIPitch. Wow! Kompliment! 
23;8.47E+22;5;-1;;Gesund &amp
24;8.48E+22;5;-1;1;Den Dank gebe ich gerne zurück! War ein wirklich sehr angenehmes Gespräch! Gutes Format! 
25;8.49E+22;5;-1;;Danke und gern geschehen! 
26;8.50E+22;5;-1;;Der #Spargel schmeckt auch dieses Jahr wieder lecker!! 
27;8.50E+22;5;-1;;#Spargel ist da! Ist ja klar, was am #Wochenende auf den Tisch kommt  - lecker! #Ernährung 
28;8.52E+22;5;-1;;Kinderabteile in der Bahn sind wirklich super!
29;8.53E+21;5;-1;;Die roten Ostereier von der @spdde sind in #Ratingen sehr beliebt! 
30;8.54E+22;5;-1;;Sehr stolz auf die beste Mannschaft der Welt! Wünsche mir für morgen eine FC Bayern Geburtstagstorte <U+2764><U+FE0F>
31;8.58E+22;5;-1;;Was die #Piraten in #NRW so alles erreicht haben und wie die anderen Fraktionen abgestimmt haben. Suuuper Seite!
32;8.58E+22;5;-1;1;1200 Jahre Ecknach- ein wunderschöner Gottesdienst..und jetzt spielen Tom und Floh... grossartig!
33;8.60E+22;5;-1;;Vielen Dank! Man sollte nur versprechen, was man auch halten kann. Das ist ehrlich. So geschehen! #WirMachenDas 
34;8.61E+22;5;-1;1;#OdeandieFreude - grossartig! #Macron tritt mit #Europahymne vor Wähler*innen. Klarer lässt sich Statement kaum setzen 
35;8.62E+22;5;-1;;Leckere Homestory über grünen Tausendsassa Karsten @mitglied92! Und ich kann den wählen <ed><U+00A0><U+00BD><ed><U+00B2><U+009A>#ltwnrw17 #teamkrefeld 
36;8.63E+21;5;-1;;Heute einen sehr sympathischen Auftritt von @DietmarBartsch in der Uni erlebt! :) #Mainz 
37;8.63E+22;5;-1;;Wir wollen eine Landwirtschaft, die leckere &amp
38;8.64E+22;5;-1;;Stelle fest, dass ich beim #esc2017 richtig lag... Heute hab ich auch ein sehr positives Gefühl! <ed><U+00A0><U+00BD><ed><U+00B8><U+0087> #LinkeNRWwählen 
39;8.64E+22;5;-1;;Noch ist Zeit zum Wählen! Jetzt wählen gehen, wenn nicht schon längst geschehen! Und beide Stimmen für die SPD! 
40;8.64E+22;5;-1;1;Respekt, liebe @HanneloreKraft ! @spdde @spdbt
41;8.65E+22;5;-1;1;Sehr erfreut! #CEWE aus #Oldenburg gewinnt @BAUMpreis i.d. Kategorie KMU. Herzlichen Glückwunsch! 
42;8.66E+22;5;-1;1;@KonstantinNotz stimmt, #heuteshow war wieder klasse und Mandy Hausten echt super!
43;8.68E+22;5;-1;;Samstags gibt es einen leckeren Cappuccino der Kids aus der Gartenküche ! Schönen Samstag! 
44;8.73E+22;5;-1;;Gerade mal wieder im #Prellbock in #GroßMützenau - Essen sehr lecker, Humor köstlich. #Lunzenau @peter_jahr
45;8.73E+22;5;-1;;Hier gibt es lecker Wein aus dem Rheingau und der Bergstraße! #hessentag2017 
46;8.74E+22;5;-1;1;Vom Präsidium kann ich Euch sagen: Die Stimmung ist wirklich super, macht weiter so! #ldknds.
47;8.74E+21;5;-1;;Ich muss gerade sehr lachen! <ed><U+00A0><U+00BD><ed><U+00B8><U+0082>(Schulligung! Geht gleich wieder.) 
48;8.76E+22;5;-1;;Die engliche (sic!) Erfahrung und der Fachismus (sic!) ... klingt nach nem suuuper Buchtitel und ner geilen Verfilmung!#Bundesausschuss
49;8.76E+22;5;-1;;Beim Langen Tag der Stadtnatur 2017 bin ich heute beim Märkischen Landbrot dabei. Lecker!!! 
50;8.76E+22;5;-1;1;Und wir sind sehr stolz auf so eine fleißige und fähige Bundestagskandidatin! #btw17 #spd 
51;8.79E+22;5;-1;1;Doro Schäfer gewinnt Landratswahl in Mainz-Bingen. Suuuuper!! Glückwunsch!!! Super-Wahlsonntag für die @cdurlp
52;8.79E+22;5;-1;;Doro Schäfer gewinnt Landratswahl in Mainz-Bingen. Suuuuper!! Glückwunsch!!! Super-Wahlsonntag für die @cdurlp
53;8.79E+22;5;-1;1;Unser Bruder ist jetzt Doktor! Dr. - Ing. wir sind super stolz auf Dich! 
54;8.81E+21;5;-1;;@Volker_Beck @Bundestag @lsvd @Die_Gruenen @cducsubt Und wo immer Jacques heute sein mag, er ist unglaublich stolz auf dich!
55;8.81E+22;5;-1;1;Schöne Zusammenfassung einer Plenardebatte mit einem sehr erfreulichen Ergebnis! #EheFürAlle <ed><U+00A0><U+00BC><ed><U+00BF><U+00B3><U+FE0F><U+200D><ed><U+00A0><U+00BC><ed><U+00BC><U+0088> @SZ 
56;8.81E+22;5;-1;1;Deutschland ist U21-Fussballeuropameister! Toller Endspurt Jungs, wer zuletzt lacht, lacht am besten! #U21EURO #AfD
57;8.83E+22;5;-1;;Mit Irene Alt zu Besuch bei der ganz besonderen Bäckerei Förster in Hahnheim. Brot aus dem Holzofen: sehr lecker! 
58;8.84E+22;5;-1;;beim #SPD OV #Jestetten: Gute Stimmung und Meistertorte - super lecker mit <ed><U+00A0><U+00BC><ed><U+00BD><U+0093><ed><U+00A0><U+00BC><ed><U+00BD><U+0093><ed><U+00A0><U+00BC><ed><U+00BD><U+0093>- so macht Wahlkampf Spass! 
59;8.84E+22;5;-1;;Rotarier-Bürgerfest - tolle Stimmung! Viele Gäste! Und lecker Essen! Und demnächst klappt's auch mit dem Tore... 
60;8.86E+22;5;-1;;Service-Tweet für Menschen, die keine @Bild-Eilmeldungen abonniert haben. (Gern geschehen!) 
61;8.86E+22;5;-1;;Weniger Steuern für Bürger, mehr Ausgaben für Schulen, Kitas, Kommunen, Straßen, will noch wer? - hach <f0><U+009F><U+0098><U+0087>Schwarze Ampel: Paradies im Norden!
62;8.89E+22;5;-1;;Gern geschehen :) 
63;8.90E+22;5;-1;;Freue mich schon auf die Eröffnungsfeier morgen. Lecker wird es bestimmt! <ed><U+00A0><U+00BD><ed><U+00B8><U+008B> 
64;8.92E+21;5;-1;;Gern geschehen - ich war für die Petition Berichterstatter und wir haben dies einstimmig im Ausschuss beschlossen! 
65;8.94E+22;5;-1;;Gemüse auf den Grill - Das bessere Fleisch - Stil - Süddeutsche.de sooooo lecker! 
66;8.94E+22;5;-1;;Mittags beim Heidelbeer-Fest in #Wildenspring. Lecker! #Thüringen 
67;8.95E+22;5;-1;1;Ein sehr sympathischer Verein! 
68;8.96E+22;5;-1;;Gute Stimmung beim Grillfest der #SPD Herdorf und lecker rote Würstchen! 
69;9.00E+22;5;-1;1;Das ist echt fantastisch! Ein paar Wischer oder Klicks und die App zeigt Dir, was genau für Dich aus dem... 
70;9.01E+22;5;-1;;@iia_i Kartoffelsuppe und zwar gaaaaaanz lecker!
71;9.02E+22;5;-1;1;Sehr sympathisch ! Genau so und am liebsten ohne alles, was dem freien Kopf i d Quere kommten könnte. 
72;9.03E+21;5;-1;;Morgen beginnt wieder die Schule. Autofahrer sollten dann besonders vorsichtig unterwegs sein!  
73;9.03E+22;5;-1;;Jamel rockt den Förster. #KRAFTKLUB hat am Freitag den Schrei nach Liebe gespielt. Es war:GROSSARTIG!
74;9.05E+22;5;-1;;Lieber lecker und kräftige heiße Suppe, als labbrigen Einheitsbrei! Meine WahlEmpfehlung: 
75;9.07E+21;5;-1;;Leckerer Abschluss und Stärkung von den WanderInnen im Eis Cafe Center Herdorf! #SabineBewegt 
76;9.07E+22;5;-1;;Frühverteilung bei der Frankfurter Entsorgung und Service GmbH - es gibt leckere Cookies! 
77;9.08E+22;5;-1;1;Sehr inspirierende Präsentation! Vielen Dank, @NickBoesl! 
78;9.09E+20;5;-1;;@soerenbartol Auch lecker! Unsere Käsebrötchen waren von der Biobäckerei Brot und Korn in Bad Hersfeld
79;9.09E+22;5;-1;;Mit diesem romantischen Ausblick vom #Neroberg über #Wiesbaden wünschen wir Euch ein schönes #Wochenende! 
80;9.11E+22;5;-1;1;Sehr wunderbarer Text! 
81;9.12E+22;5;-1;;@Antje_Kapek ah ja, da ist man ja in Berlin auch extrem erfolgreich mit r2g
82;9.13E+22;5;-1;1;@ebner_sha @GruenMeyer @FOstendorff @RenateKuenast Ja, sehr erfreulich :-)
83;9.13E+22;5;-1;;Ich bin sehr erfreut ! #1000Grüne 
84;9.13E+22;5;-1;;Der Sommer #Honig der #Bundestagsbienen ist in diesem Jahr besonders lecker! <ed><U+00A0><U+00BE><ed><U+00B4><U+0097><ed><U+00A0><U+00BD><ed><U+00B0><U+009D> 
85;9.14E+22;5;-1;;Lecker war's! #piazzaitalia #Neuruppin #pizza <f0><U+009F><U+008D><U+0095><f0><U+009F><U+008D><U+0095><f0><U+009F><U+008D><U+0095>
86;9.16E+22;5;-1;;Hier noch was für die ältere Generation - das wird garantiert richtig lecker!  #Huckelriede #MarieWeser 
87;9.18E+22;5;-1;;Grossartig! Tippe mal, dass die Isländer den Weltmeistertitel für die kreativsten Fans holen <ed><U+00A0><U+00BD><ed><U+00B8><U+0080> #island #WorldCup2018 
88;9.21E+22;5;-1;;Leckerer Appetizer von Thomas Jansen: Lies den Lukas!<ed><U+00A0><U+00BD><ed><U+00B1><U+008F> 
89;8.40E+22;5;-2;1;Ich lese das alles so verdammt gern! #Wendt #HohesRoss #Moral 
90;8.77E+22;5;-2;;Was für eine Schweinerei! Der CSD Oldenburg gilt schon immer als ein kleiner, aber feiner und sehr beliebter CSD! :-( 
91;8.81E+22;5;-2;1;Bin verdammt stolz auf @AKammeyer. Der Kampf in #Hamburg für die #Ehefüralle hat sich endlich gelohnt. <U+2764><U+FE0F><ed><U+00A0><U+00BD><ed><U+00B2><U+009B><ed><U+00A0><U+00BD><ed><U+00B2><U+009A><ed><U+00A0><U+00BD><ed><U+00B2><U+0099><ed><U+00A0><U+00BD><ed><U+00B2><U+009C> 
92;8.78E+22;5;-3;1;Dickes Lob an die Zugbegleiter in diesem besonderen Zug aus Hannover nach Hamburg. Sorgen sich wirklich super um die Fahrgäste, @DB_Bahn!
93;9.02E+22;5;-3;;Merkel erpresst ÖR-Sender, schlimmer noch: diese lassen es geschehen!
94;9.05E+22;5;-3;;ZDF hat das mit dem Leute-dürfen-streiten besser hingekriegt als die extrem vorsichtige ARD. #5kampf #schlagabtausch #btw17
95;9.13E+22;5;-3;;Aufm Weg zur Bochumer Eisdiele Kugelpudel. Lecker! Aber das Thema ist ernst: Wir diskutieren heute über Rassismus. Debatte ist notwendig.
96;9.13E+22;5;-3;;Aufm Weg zur Bochumer Eisdiele Kugelpudel. Lecker! Aber das Thema ist ernst: Wir diskutieren heute über Rassismus. Debatte ist notwendig.
97;9.14E+22;5;-3;;Das () muss Anlass sein die Kategorie islamfeindliche Straftaten bei Justiz einzuführen, wie bei Polizei geschehen!
98;9.14E+22;5;-3;;Das () muss Anlass sein die Kategorie islamfeindliche Straftaten bei Justiz einzuführen, wie bei Polizei geschehen!
99;8.76E+22;5;-4;;Leckere Mittagspause beim @WWF_Deutschland-Foodtruck! Leider war der Panda nicht da <ed><U+00A0><U+00BD><ed><U+00B9><U+0081> 
100;8.15E+21;4;-1;1;#Willkommen2017. Wir wünschen Ihnen ein gesundes und erfolgreiches neues Jahr! Alles Gute!
101;8.16E+22;4;-1;;#Neujahrskonzert -schön, dass es noch Konstanten gibt - Polka -'so ängstlich sind wir nicht' - gutes Motto und sehr passend! #Prositneujahr
102;8.16E+22;4;-1;;Schöne Silvesterlektüre! Der großartige Wolfgang Röhl über postfaktisch und Filterblase, Sieger im... 
103;8.16E+21;4;-1;;Danke für ein wunderbares Jahr 2016!  als Radikal-Demokrat stehe für eine Hardcore-Opposition der #AfD im @LandtagBW
104;8.16E+22;4;-1;1;Mein erster Tag beim @tagesspiegel yeah! Danke an @ichgruessesie für die freundliche Begrüßung! Und jetzt: los geht's. 
105;8.16E+22;4;-1;;Die Überschrift ist einfach zu schön! Unsere Grünen halt. #grüfri vs. #nafri 
106;8.16E+22;4;-1;;Ein kleines Wunder ist geschehen das durch die Medien völlig ignoriert wurde: tausende Frauen, hebrews,... 
107;8.17E+22;4;-1;;@drumheadberlin @BILD - das ist übrigens schon eine erstaunliche Entwicklung!
108;8.17E+22;4;-1;1;Stolz! Das neue Jahr ist auch das Jahr der #GHE2017 #Essen. Guter Artikel dazu @ZDFheute  #EGC2017 @GreenCapital17
109;8.17E+21;4;-1;1;@CSU @phoenix_de das war sehr souverän - @AndiScheuer volle Unterstützung! Lasst uns abstimmen!
110;8.17E+22;4;-1;1;@abdo_tammaa das ist total schön!
111;8.17E+22;4;-1;;#Sturmflut fasziniert viele, aber für die Betroffenen ist sie oft ein grosses Problem. Respekt den  HelferInnen und Einsatzkräften!
112;8.17E+22;4;-1;;Danke, liebe Sternsinger <U+2B50><U+FE0F> für Eueren Besuch auch in diesem Jahr! 
113;8.17E+22;4;-1;;Wir wünschen ein frostig-schönes #Wochenende! Wie wäre es mit einem Winterspaziergang?(Bild ) 
114;8.18E+22;4;-1;1;Lieber @DerSPIEGEL, wir gratulieren zum 70. Schön, dass es Dich gibt! #DerSpiegel #70JahreSpiegel 
115;8.18E+22;4;-1;1;@DWoehrl find ich super! :-)
116;8.18E+22;4;-1;1;@DWoehrl wow! Spannend! Dann schalte ich doch gerne wieder ein!
117;8.18E+22;4;-1;1;Kam im stream sehr gut rüber! Demokratie lebt vom Mitmachen #Urwahl #grüne @MiKellner @Die_Gruenen 
118;8.18E+22;4;-1;;Bitte fahrt/lauft vorsichtig! So glatt wie derzeit in #Essen habe ich es zuletzt auf der Eislaufbahn erlebt. #Glatteis #Blitzeis #Vorsicht
119;8.18E+22;4;-1;;Letzte Abstimmungen zwischen @UweSchummer und @ChrisPakusch auf unserem heutigen NJE. Schön war es! 
120;8.18E+22;4;-1;;Tja, Grund genug, etwas fröhlich zu sein! Gute Arbeit zahlt sich aus. 
121;8.18E+22;4;-1;;Das war #Seeon17. Herzlichen Dank für eine tolle Klausurtagung. Wir Ihnen jetzt ein schönes #Wochenende! 
122;8.18E+22;4;-1;;Ich freue mich auf die Veranstaltung mit meiner lieben Kollegin Cansel Kiziltepe! 
123;8.19E+22;4;-1;;Sehr schön. Die ersten Anträge auf Bleiberecht für Opfer rechter Gewalt sind in Bearbeitung! #Brandenburg 
124;8.19E+22;4;-1;;Jetzt mitmachen:Wir veröffentlichen das schönste Bild einer echten #Grenzkontrolle auf der FB-Seite der #AfD!<U+27A1><U+FE0F> 
125;8.19E+21;4;-1;;Der letzte #Bundespräsident von Format ist von uns gegangen. Ruhe in Frieden #RomanHerzog - möge sich #Steinmeier ein Beispiel nehmen!
126;8.19E+22;4;-1;;Geht doch liebe #SPD, warum nicht gleich so! Pläne von de #Maizière und #Maas: Härtere Gangart gegen #Gefährder 
127;8.19E+22;4;-1;1;Danke, liebe Abteilung 16, für Glücksschwein und einstimmige Nominierung! 
128;8.19E+22;4;-1;;Das muten wir in einer Demokratie doch sehr gern zu <ed><U+00A0><U+00BD><ed><U+00B8><U+0080>! 
129;8.19E+22;4;-1;;Wir sind stolz auf unsere Bamberger Gärtner!Heute hat mein Kollege Kulturminister Ludwig Spaenle im Gärtner- und... 
130;8.19E+22;4;-1;;Bestes Team d Welt, schönster Ortsverband, einstimmig zum Vorsitzenden gewählt. Alle so: Lächeln! 
131;8.19E+22;4;-1;;Ode an die Freude...zum Abschluss...wunderbar! #Elbphilharmonie 
132;8.19E+22;4;-1;;Sehr schön. Ein Hauch von Downton Abbey in #SachsenAnhalt <ed><U+00A0><U+00BD><ed><U+00B8><U+0089> 
133;8.19E+22;4;-1;;DITIB muss die Spione der Generalbundesanwaltschaft nennen I Spionage aus Versehen: Das ist schon erstaunlich! 
134;8.20E+22;4;-1;1;Herzlichen Glückwunsch liebe Bürgermeisterin @Simone_Lange ! Herzlichen Glückwunsch Flensburg! 
135;8.20E+22;4;-1;1;Guter Mann, unser Finanzminister!Super, @NowaboFM !!! 
136;8.20E+22;4;-1;;60 tolle Frauen beim meinem Falkenseer Frauenstammtisch- ein wunderbarer Start ins neue Jahr!  Dank an Antonia... 
137;8.20E+22;4;-1;;Romantisches Rothenburg im lieblichen Taubertal: Rumtreiben im Schneetreiben.#mehrgruen #gruenewk17 
138;8.20E+22;4;-1;1;Wow! @Telekom_hilft hilft tatsächlich! Innerhalb von 24 Stunden Problem gelöst. DANKE <f0><U+009F><U+0092><U+0090><f0><U+009F><U+00A4><U+0097><f0><U+009F><U+0091><U+008F><f0><U+009F><U+008F><U+00BC><f0><U+009F><U+0099><U+0082><f0><U+009F><U+0099><U+0083><U+263A><U+FE0F>
139;8.20E+22;4;-1;;Die Linksfraktion in #Offenbach erklärt sich solidarisch mit den streikenden BusfahrerInnen - super! 
140;8.20E+22;4;-1;1;Ein sehr schöner Neujahrsempfang gestern bei der Donnersmarckstiftung im Haus Rheinsberg. 
141;8.20E+22;4;-1;;Ich liebe es in meinem Chemnitzer Wahlkreis unterwegs zu sein!Die Woche war wieder gut gefüllt u.a. mit... 
142;8.20E+22;4;-1;;@Micha_BILD Das ist ja irrsinnig interessant
143;8.20E+22;4;-1;;@ADS_Bund ich nicht, sofern es um Adoption geht. Und Ehe möchte ich das nicht nennen!
144;8.20E+22;4;-1;;Ein wunderschöner Morgen mit der ebenso schönen Elphi! 
145;8.20E+22;4;-1;1;@katrinlangensie @gruenelvnds Euch auch viel Erfolg, liebe Grüße!
146;8.20E+22;4;-1;1;@Szissel @GrueneSpandau schön und sehr nett, dass Du bei uns warst, gerne wieder :-))) und weiterhin viel Freude an der Vorstandsarbeit!
147;8.20E+22;4;-1;1;@ManuelaSchwesig Ich möchte kein gespaltenes Land! Ich möchte ein Land, das zusammenhält 
148;8.20E+22;4;-1;1;@SawsanChebli Wow! Viel Spaß! <f0><U+009F><U+008E><U+00BC>
149;8.21E+22;4;-1;;@CdiFlo Sie folgen mir nicht mal bei Twitter und wollen alle meine Äußerungen kennen?!? Habe sie schon früher kritisiert. Schönen Tag!
150;8.21E+22;4;-1;;Glückwunsch, lieber @MarkusBlume - Du &amp
151;8.21E+22;4;-1;1;Schön war es heute beim bönnschen Hätz - Karneval für die gute Sache - toll, dass ich Schirmherrin sein durfte! 
152;8.21E+22;4;-1;1;Trump hat Hoffnung für Europa, sieht Brexit positiv. Offenbar hat er die Wirrnis der EU klar erkannt 1:0 für Trump, finde ich prima! #Brexit
153;8.21E+22;4;-1;1;@daniel_erk @BMVI Sehr guter Vorschlag! 
154;8.21E+22;4;-1;;Auf dem Weg nach @filderstadt_de. Dort werden heute Projekte ausgezeichnet, die Mut machen: fürs Erinnern &amp
155;8.21E+22;4;-1;;Schönen Dienstag - macht was draus!
156;8.21E+22;4;-1;;Spannendes Programm heute - Entscheidung über NPD-Verbot, Wahl des EU-Parl-Präs, May stellt Brexit-Pläne vor.. Euch allen einen schönen Tag!
157;8.21E+22;4;-1;;@larsklingbeil @Thomas_Bareiss @spdbt @christianegle - schön, wenn die Obergrenze schon als Unionskonsens angesehen wird!
158;8.21E+22;4;-1;;@UmweltHessen Ich liebe diesen #BecherBonus für alle! Das Eingesparte kommt bei mir ins Sparschwein für Spenden
159;8.21E+22;4;-1;;#spdbt NPD mag keine Gefahr für die Demokratie sein, aber eine Bedrohung für viele Demokraten! Die SPD zeigt Gesicht gegen Nazis. #npdverbot
160;8.21E+22;4;-1;;Auf zum Neujahrsempfang von SPD Landesverband+Landtagsfraktion in der Kieler Traumfabrik.Entschlossen, geschlossen, fröhlich ins Wahljahr!
161;8.22E+22;4;-1;1;Sehr gut! 
162;8.22E+22;4;-1;;#Höcke und #AfD zeigen ihr wahres Gesicht. Ich bin stolz auf das Holocaust-Mahnmal im Zentrum Berlins! 
163;8.22E+21;4;-1;1;super, das finde ich richtig gut! @RSL99 
164;8.22E+22;4;-1;1;Vielen Dank @AWO_Deutschland für die sehr gute Zusammenarbeit! Gemeinsam für soziale Gerechtigkeit! 
165;8.22E+21;4;-1;1;Herzlichen Glückwunsch liebe Michaela Noll zum großartigen Wahlergebnis! #Bundestag #CDU 
166;8.22E+22;4;-1;;Schön, dass die @PolizeiOFR jetzt auch auf Twitter ist!
167;8.22E+22;4;-1;;Sehr gut! @talwazir will #greenfinance-cluster in Frankfurt. #Finanzwende @gruenehessen @FMFdigital @DeutscheBoerse
168;8.22E+22;4;-1;;Gedenken ist weder Schwäche noch gar Schande, sondern Notwendigkeit damit Rechts nie wieder triumphiert!#weRemember 
169;8.22E+22;4;-1;;Alles Gute zum Jubiläum, liebe @HSSde! Seit 50 Jahren leistet Ihr einen herausragenden Beitrag zur politischen Bildung #HSS #50JahreHSS @CSU
170;8.22E+22;4;-1;;Der @MiRo_SPD ist ausgezeichnet :-) #Bundestag
171;8.22E+21;4;-1;;.@jensspahn b. Kampagnencamp von #connect17 mit super Impuls: Wahlkampf aus Kandidatenperspektive! Jetzt mitmachen: 
172;8.23E+22;4;-1;;Vom Rhein in #Köln schönes Wochenende Euch! <ed><U+00A0><U+00BD><ed><U+00B6><U+0091> 
173;8.23E+22;4;-1;;Und immer wieder geht die Sonne auf... Wie beruhigend. Genießt das #Wochenende! 
174;8.23E+22;4;-1;;Aaaaaaahhhhh! Danke, liebe Partei<U+2763> Bester Wahlkreis ever! #WK248 
175;8.23E+22;4;-1;;Glückauf und liebe Grüße aus Rodgau! 
176;8.23E+22;4;-1;;Sehr gut besuchte CSU-Ortsvorsitzendenkonferenz heute in Weiding zur Vorbereitung der anstehenden Wahlen! Der... 
177;8.23E+22;4;-1;;#ENF @MLP_officiel Ich liebe Deutschland, weil es deutsch ist! Ich liebe Frankreich weil es französisch istSo soll es auch bleiben.
178;8.23E+22;4;-1;;Phantastisch - die Bilder von den #WomensMarch aus der ganzen Welt! Solidarität ist unsere Stärke
179;8.23E+22;4;-1;;Wow ! <ed><U+00A0><U+00BD><ed><U+00B1><U+008C> Ihr nutzt dieses Neuland echt extrem! 
180;8.23E+22;4;-1;;Euch allen einen schönen Sonntag &amp
181;8.23E+22;4;-1;;Respekt für #MischaZverev !! 
182;8.23E+22;4;-1;1;Guten Morgen und einen schönen Sonntag! 
183;8.23E+22;4;-1;;Auf geht es zum Empfang des SPD Ortsvereins Werl und dann zum Reservistenverband nach Lippstadt! Und schön vorsichtig fahren. Es ist glatt!
184;8.23E+22;4;-1;;Traditioneller Neujahrsbruch des SPD OV Hamm Mitte - liebe Kirsten ich bin immer wieder gern bei euch! 
185;8.23E+22;4;-1;;Sehr schöner Gottesdienst in St. Eberhard mit Männerchören der Stuttgarter Hymnuschorknaben und des Collegium Iuvenum #Stuttgart. #Ökumene!
186;8.23E+22;4;-1;;@Stehlblueten dass Sie volle 5 Minuten am Stück denken, ist doch schon ein schöner Erfolg!
187;8.23E+22;4;-1;;@HPFriedrichCSU Ach wegen dem freien Handel wird mit Strafzöllen gedroht. So kann man sich auch Trump schön reden!
188;8.23E+22;4;-1;;#trump @DLF es wird am Ende des Tages die Vernunft Einkehr halten- nur über die Wettbewerbsfähigkeit können die USA erfolgreich sein!
189;8.23E+22;4;-1;1;Euch einen schönen Start ins Wochenende! #alternativefakten
190;8.23E+22;4;-1;;Schöne Karikatur aus der FNP - da gibt es nur eins #Gegenhalten ! 
191;8.23E+21;4;-1;;Der Berliner Bär aus Blumen hat mir auf der Grünen Woche besonders gut gefallen! 
192;8.24E+22;4;-1;;@DanielaLanger Herzlichen Glückwunsch zur Nominierung! Freu mich auf einen fairen Wahlkampf im wunderschönen #Pankow !
193;8.24E+22;4;-1;;@LSVD bald im #Hörfunkrat des #Deutschlandradios.Vielfallt muss sich auch in Rundfunk- und Fernsehräten zeigen.Mehr Stimme für LGBTI*-super!
194;8.24E+21;4;-1;;@LEZwenn oh wie schön! So einen tollen Rauhreif über 2 Tage gibt es nicht allzu oft...
195;8.24E+22;4;-1;1;Super, herzlichen Glückwunsch! 
196;8.24E+22;4;-1;1;Der ist hervorragend liebe @DB_Presse! #alternativefacts 
197;8.24E+22;4;-1;;@sigmargabriel @RefugeesChief Und auch stolz, dass heute in Ffm wieder eine Sammelabschiebung nach #Afghanistan durchgeführt wurde?!
198;8.24E+22;4;-1;;#ENF @MLP_officiel Ich liebe Deutschland, weil es deutsch ist! Ich liebe Frankreich weil es französisch istSo soll es auch bleiben.
199;8.24E+22;4;-1;;Ein besonders schöner Platz für mich im Plenarsaal des Deutschen Bundestags<ed><U+00A0><U+00BD><ed><U+00B8><U+008A> 
200;8.24E+22;4;-1;;Morgens erstmal ein paar Nazis und Trolle blocken. Und jetzt in Ruhe arbeiten. Allen einen schönen Tag!
201;8.24E+22;4;-1;1; die Niederlande heißen Donald #Trump willkommen, fantastisches Video, ein wirklich fantastisches Video
202;8.24E+22;4;-1;1;Wow! Maren Ade ist mit Toni Erdmann für den Oscar nominiert! Mein Glückwunsch an diese tolle Regisseurin! <ed><U+00A0><U+00BC><ed><U+00BE><U+0089><ed><U+00A0><U+00BC><ed><U+00BE><U+0088><ed><U+00A0><U+00BD><ed><U+00B3><U+00BD>  /ms
203;8.24E+22;4;-1;;#AKW Fesselheim vor dem Aus. Das wäre eine positive Nachricht, gerade für die #Sicherheit der Anwohner! 
204;8.24E+22;4;-1;1;Sehr guter Vorschlag von @sigmargabriel für #Kanzlerkandidatur und #Parteivorsitz @spdde : @MartinSchulz <f0><U+009F><U+0091><U+008D> Respekt @sigmargabriel !!!
205;8.24E+22;4;-1;1;Respekt für @sigmargabriel, Glück auf für @martinschulz!
206;8.24E+22;4;-1;;Hurra! Schulz!
207;8.24E+22;4;-1;;Sigmar Gabriel hat mit seiner Entscheidung, nicht Kanzlerkandidat der SPD sein Format als Politiker unter Beweis gestellt. Hochachtung!
208;8.24E+22;4;-1;;Möge die Macht mit ihm sein! @MartinSchulz 
209;8.24E+22;4;-1;;Möge die Macht mit ihm sein! @MartinSchulz 
210;8.24E+22;4;-1;1;Respekt für Sigmar #Gabriel - Martin #Schulz wird ein hervorragender Kanzlerkandidat!
211;8.24E+22;4;-1;;Respekt @sigmargabriel! Ich freue mich jetzt schon darauf, wenn er erstmals auf den #Donald trifft.
212;8.24E+22;4;-1;1;@ralf_stegner Sehr guter Auftritt im „Brennpunkt“ zur K-Frage: Klar, souverän, überzeugend, Glückwunsch und weiter so!
213;8.24E+22;4;-1;;Schön und lecker wars bei Euch <ed><U+00A0><U+00BD><ed><U+00B1><U+008D> 
214;8.24E+21;4;-1;1;Klar geht #r2g mit @MartinSchulz wie mit @sigmargabriel . Einfach mal RESPEKT! @denkfabrik_SPD
215;8.24E+22;4;-1;1;Die @spdde geht mit einer hervorragenden Bilanz und sehr guten Perspektiven selbstbewusst in den Wahlkampf! @sigmargabriel @MartinSchulz
216;8.24E+22;4;-1;1;Ich freue mich auf einen leidenschaftlichen Wahlkampf! <ed><U+00A0><U+00BD><ed><U+00B2><U+00AA> 
217;8.24E+22;4;-1;;.@bmub ist gegen #Genmais-Zulassungen. Stimmen auch Sie morgen im Bundestag dagegen, liebe @spdbt-KollegInnen! 
218;8.24E+22;4;-1;1;Oh wow! Großartig! 
219;8.24E+22;4;-1;1;@Philipp_Gruen Danke :-) und gute Besserung!
220;8.24E+22;4;-1;1;@UweSchummer Sehr gut! Zahlen lassen kalt, Namen nicht. Danke! Schöne Nachricht gegen Rechts.
221;8.25E+20;4;-1;;Freue mich auf meine Rede zu Sportlärm - haben eine sehr gute Regelung für die Sportvereine gefunden! 
222;8.25E+22;4;-1;;Letzte Rede als Wirtschaftsminister. Haben viel erreicht. Danke @bmwi_bund - und Lammert für freundliche Worte! &gt
223;8.25E+22;4;-1;;Letzte Rede als Wirtschaftsminister. Haben viel erreicht. Danke @bmwi_bund - und Lammert für freundliche Worte! &gt
224;8.25E+22;4;-1;;@rope_94 @FreeInterrail  Mir geht's vor allem um leben, studieren und arbeiten im Ausland. #ErasmusPlus und da super!
225;8.25E+22;4;-1;;Hurra!  ‚Gorch Fock‘ soll nach Grundsanierung weitersegeln 
226;8.25E+22;4;-1;;#Kinderlärm ist Zukunftsmusik sehr schön @michaelaengel <f0><U+009F><U+0098><U+0080> #Bundestag
227;8.25E+22;4;-1;;@Connylue <f0><U+009F><U+0098><U+0098>Wünsche euch einen politischen und schönen Abend und gute Gespräche!
228;8.25E+22;4;-1;;#ErikaSteinbach - sind ja besonders nette Stammkarten! 
229;8.25E+22;4;-1;;super auf den Punkt gebracht @kreuzer_leipzig ! #platznehmen #nolegida 
230;8.25E+22;4;-1;;Ich bin nicht dafür verantwortlich, was geschehen ist. Ich bin dafür verantwortlich, dass es nie wieder geschieht. 
231;8.25E+21;4;-1;;Super-Außenminister - good luck in Bellevue! 
232;8.25E+22;4;-1;;Die CDU will das nicht, sie kann das nicht. Wir machen das, liebe Genossinnen und Genossen! Ralf Stegner
233;8.25E+22;4;-1;;@norman76le Habe ich in der Tat schon mal ins Auge gefasst. Schön, dass wir einen sächsischen Bundesligisten haben, der so fliegt!
234;8.25E+22;4;-1;;Lieben Dank! 
235;8.25E+22;4;-1;1;Heute Abend dann die 3. Veranstaltung in Bayern. Es war wieder toll. Respekt an die Bayern! 
236;8.25E+22;4;-1;1;Vielen Dank für die zahlreichen Glückwünsche.Guter Landesvorstand gewählt. Parteitag zeigt geschlossene , entschlossene und fröhliche SPD!
237;8.25E+22;4;-1;;Lieben Dank! <ed><U+00A0><U+00BD><ed><U+00B8><U+0080> 
238;8.25E+22;4;-1;;Guten Morgen aus #Nordhessen! Ein schönes #Wochenende! 
239;8.25E+22;4;-1;;@CDA_Willich @msms111 @BJschke @UweSchummer Glück auf! Und bringt Guido endlich zu Twitter!
240;8.25E+22;4;-1;;Oha! Sehr gut! 
241;8.25E+22;4;-1;;Malu Dreyer berichtet uns über den erfolgreichen Wahlkampf der SPD Rheinland-Pfalz! #WirMachenDas 
242;8.26E+21;4;-1;;@BetterCallAxel @MartinSchulz @spdde Danke, wird ein schöner Tag!
243;8.26E+22;4;-1;;@CDUKoelnDeutz @CDUFraktionK @SerapGueler @KarstenMoering @OKehrl @ManderlaGisela Einen schönen Sonntag!
244;8.26E+22;4;-1;1;Super! Einstimmige Nominierung von @MartinSchulz zum SPD-Vorsitzenden und Kanzler im @spdde Parteivorstand <f0><U+009F><U+008C><U+00B9><f0><U+009F><U+008C><U+00B9><f0><U+009F><U+008C><U+00B9>#ZeitfürMartin
245;8.26E+22;4;-1;;@michaelaengel super Rede, Martin Schulz!<f0><U+009F><U+0091><U+008D><f0><U+009F><U+0091><U+008D><f0><U+009F><U+0091><U+008D>
246;8.26E+21;4;-1;;Ich bin auch sehr dankbar! Wir freuen uns auf Sie, Herr Schulz. Sie sind unser bestes Pferd im Stall. 
247;8.26E+22;4;-1;1;Schön wars wieder! Danke für die Organisation! 
248;8.26E+22;4;-1;;Ich bin echt stolz auf meine Partei. Meine SPD. #martinschulz #spdde
249;8.26E+22;4;-1;;Langsam ist meine kommunalpolitische Gelassenheit am Ende! Lächeln und neue Halb/Unwahrheiten produzieren!! 
250;8.26E+22;4;-1;;@Juliane_Seifert gutes gelingen heute!
251;8.26E+22;4;-1;;#Vorsicht liebe Baden-Württemberger! Amtliche Warnung vor #Glätte und #Sturm. Aktuelle Warnungen gibt's über  #NINA. 
252;8.26E+22;4;-1;;Was für ein aufregender Sonntag: Unsere Twitter-Moments zu #ZeitfuerMartin! &gt
253;8.26E+22;4;-1;;Super Veranstaltung heute Abend mit @BeateWaRo und ganz vielen klugen #Flüchtlingshelfern aus der ganzen Region - sehr lebendige Diskussion!
254;8.26E+22;4;-1;;Schönen Dienstag - macht was draus!
255;8.26E+22;4;-1;1;Ein sehr erfolgreicher Abend für unsere Gemeinde Lauchringen. Über 180 interessierte Bürgerinnen und Bürger kamen... 
256;8.26E+22;4;-1;;Vorstand des Kreisseniorenbeirates für die neunte Amtsperiode erfolgreich neu gewählt! 
257;8.26E+22;4;-1;;Der Mitsing-Abend klingt immer noch nach: Hier der sehr schöne Artikel aus der Nürtinger Zeitung zum... 
258;8.27E+22;4;-1;;Genossen unter sich! @jensspahn  
259;8.27E+22;4;-1;;War wirklich interessant! 
260;8.27E+22;4;-1;;2016 sehr erfolgreiches Förderjahr: KfW-Fördervolumen steigt auf 81 Mrd. Euro (+2%) #JAPK
261;8.27E+22;4;-1;;#MartinSchulz ist seit einer Woche als Kanzlerkandidatder #SPD nominiert und jetzt 5% plus in den Umfragen - super!!
262;8.27E+22;4;-1;;@MBMarcusBrumme und sehr sympathisch... @CUGermanSociety
263;8.27E+22;4;-1;;Gestern Nachmittag hatten wir unsere erste Bürgersprechstunde im Abgeordnetenhaus. Dabei sind sehr interessante Gespräche herausgekommen!
264;8.27E+22;4;-1;;Jetzt mit nagelneuer Twitter-Adresse @bzfe_de    happy following! 
265;8.27E+22;4;-1;;Respekt für eine junge Rechtsanwaltsanfängerin irgendwo in Paderborn! So geht Hoffnung.  
266;8.27E+22;4;-1;;Schöner Bericht über die letzte Fete im Fuchsbau! Kowelenz olau 
267;8.27E+22;4;-1;;@MartinSchulz darf stolz auf seine Biografie sein! Richtig!  @nordbayern @manuel_kugler
268;8.27E+22;4;-1;1;91 Jahre! Herzlichen Glückwunsch, lieber Hans-Jochen Vogel! Wir wünschen Dir ein schönes Fest! 
269;8.27E+22;4;-1;1;Ich freue mich sehr, dass mein Einsatz für Frauen erfolgreich war! 
270;8.28E+22;4;-1;;Respekt für Florian Pronold, ein gutes Händchen für Natascha Kohnen! #BayernSPD
271;8.28E+22;4;-1;;91 Jahre! Herzlichen Glückwunsch, lieber Hans-Jochen Vogel! Wir wünschen Dir ein schönes Fest! 
272;8.28E+21;4;-1;;Mein Vater stammte aus dem Saarland, er war dort Bergmann. Ehrensache, dass ich die SPD hier heute auf ihrem Parteitag besuche. Glück auf!
273;8.28E+22;4;-1;;91 Jahre! Herzlichen Glückwunsch, lieber Hans-Jochen Vogel! Wir wünschen Dir ein schönes Fest! 
274;8.28E+22;4;-1;;Ein schöner Abend! Großer Dank an euch!<ed><U+00A0><U+00BC><ed><U+00BE><U+0088><ed><U+00A0><U+00BC><ed><U+00BE><U+0088><ed><U+00A0><U+00BC><ed><U+00BE><U+0088><ed><U+00A0><U+00BC><ed><U+00BE><U+0088> 
275;8.28E+22;4;-1;;Wirtschaft ist nur erfolgreich in einer funktionierenden Gesellschaft - daran sollten manche denken! 
276;8.28E+22;4;-1;;@MartinSchulz kommt heute in meinen Wahlkreis. Und gleich geht die Sonne besonders schön auf
277;8.28E+21;4;-1;;Guten Morgen. Schönes Wochenende allen! 
278;8.28E+22;4;-1;;@NataschaKohnen gute Entscheidung, die ich sehr begrüße! Glück auf!
279;8.28E+21;4;-1;;@NataschaKohnen gute Entscheidung, die ich sehr begrüße! Glück auf!
280;8.28E+22;4;-1;;@SylviaLoehrmann @evangelisch_de @EKD @ekir_de sehr gut!
281;8.28E+22;4;-1;;Schöner Auftritt: Letzenbergstare! Tolle Stimmung auf der #KaGePrunksitzung in #Malsch! 
282;8.28E+22;4;-1;;@r4nd0md3b4t3r @walli5 so wird es geschehen. dafür mach ich wahlkampf.
283;8.28E+22;4;-1;;Rumänische Regierung muss zurückrudern, sehr gut! #romanianprotests 
284;8.28E+22;4;-1;1;Respekt und Zusammenhalt! 
285;8.28E+22;4;-1;;Dem neuen Landrat #FrankKilian habe ich eben zum Wahlerfolg telefonisch gratuliert! Feiert schön und genießt den Abend!
286;8.28E+22;4;-1;;Erst gute Umfrageergebnisse für die @spdde  und dann gewinnt noch die @Eintracht  - wunderbares Wochenende! 
287;8.28E+22;4;-1;;Wirklich schön, dass solche Bücher jetzt wieder in Mode kommen :D#SPD 
288;8.28E+22;4;-1;;Wirklich schön, dass solche Bücher jetzt wieder in Mode kommen :D#SPD 
289;8.28E+22;4;-1;;@peter_wasem also ich würde das extrem lustig finden.  Soll ich mal mitdem IM reden?
290;8.28E+22;4;-1;;Guten Morgen und schönen Wochenbeginn!
291;8.29E+22;4;-1;;Unsere Ministerpräsidentin feiert heute #Geburtstag. Herzlichen Glückwunsch und alles erdenklich Gute, liebe Malu #Dreyer! 
292;8.29E+22;4;-1;;@aniesmann @FlorianGathmann tja, es geschehen zeichen und wunder <f0><U+009F><U+0098><U+0087>
293;8.29E+22;4;-1;;Schöne Initiative! #Foodsharing statt gute Lebensmittel wegwerfen!  
294;8.29E+22;4;-1;;Alles Gute zum Geburtstag, liebe Malu #Dreyer! Danke, dass Du bist, wie Du bist: eine super Ministerpräsidentin u ein wunderbarer Mensch!<f0><U+009F><U+0098><U+008A><f0><U+009F><U+0092><U+0090><f0><U+009F><U+008E><U+0088>
295;8.29E+22;4;-1;1;Alles Gute zum Geburtstag, liebe Malu #Dreyer! Danke, dass Du bist, wie Du bist: eine super Ministerpräsidentin u ein wunderbarer Mensch!<f0><U+009F><U+0098><U+008A><f0><U+009F><U+0092><U+0090><f0><U+009F><U+008E><U+0088>
296;8.29E+22;4;-1;;Sehr gut: Merkel lehnt Obergrenze weiter ab Hoffentlich bleibt sie hart + zeigt weiter Haltung! @cducsubt @CDU_BW
297;8.29E+22;4;-1;;Unsere Ministerpräsidentin feiert heute #Geburtstag. Herzlichen Glückwunsch und alles erdenklich Gute, liebe Malu #Dreyer! 
298;8.29E+22;4;-1;;Löwe und Raute = #1Union. Schön, dass ihr da wart, liebe Kollegen von der Schwesterpartei! 
299;8.29E+22;4;-1;;@Ralf_Stegner Vorsicht, der hat die Haare auch schön! 
300;8.29E+22;4;-1;;@ArneLietz @ThomasHitschler @FESonline @JensZimmermann1 schöne Grüße aus Passau, wäre gern dabei gewesen! Gute Erkenntnisse.
301;8.29E+22;4;-1;;Happy Birthday, #EU ! Auf die nächsten 25 &amp
302;8.29E+22;4;-1;;Wir lieben Europa!Vor 25 Jahren wurde der Vertrag von Maastricht, einer der Grundsteine der heutigen EU, unterzeichnet. 
303;8.29E+22;4;-1;;Wir lieben so Vieles an #Kanada - aber #CETA gehört nicht dazu! Warum? Hier unsere Gründe gegen CETA: 
304;8.29E+21;4;-1;;#Rumänien: #Massenprotest gg Aufweichung d Antikorruptionsgesetze erfolgreich! Jetzt Rücktritt d Regierung gefordert 
305;8.29E+22;4;-1;;Wir lieben so Vieles an #Kanada - aber #CETA gehört nicht dazu! Warum? Hier unsere Gründe gegen CETA: 
306;8.29E+22;4;-1;;Danke an die #Lebenshilfe Neuwied für ihren wunderbaren diesjährigen Karnevalsorden! 3 x von Herzen Neuwied Alaaf! 
307;8.29E+22;4;-1;;#Massenhinrichtungen in #Syrien. Unbegreiflich, dass so etwas in der heutigen Zeit geschehen kann. #Krieg auf andere Weise.
308;8.29E+22;4;-1;1;@gruene_sachsen @gruene_leipzig vielen Dank für die Unterstützung! Für einen spannenden und humorvollen Wahlkampf in #Leipzig! #btw17
309;8.29E+22;4;-1;;Selten wurde europäische Verlogenheit in der Asylpolitik und hierbei Kritik an #Trump so schön als unglaubwürdig entlarvt! #dieanstalt #EU
310;8.29E+22;4;-1;;Na, die Melodie direkt im Kopf? John Williams, der Komponist der #StarWars-Filmmusik wird heute 85. Happy Birthday! 
311;8.29E+22;4;-1;;Schön war's! <ed><U+00A0><U+00BD><ed><U+00B2><U+00AA><ed><U+00A0><U+00BC><ed><U+00BF><U+00BD><ed><U+00A0><U+00BC><ed><U+00BC><U+009F> #ltby #SPD #Bayern #Steinmeier #Bundesversammlung #Aures #Rinderspacher #Seehofer 
312;8.29E+22;4;-1;;@ADEL55016000 Na, diesmal saß sie drin. Die Frage ist aber, was bei vermutlich teuren Vertragsanpassungen geschehen wird. @Linksfraktion
313;8.29E+22;4;-1;;Liebe #Bundesregierung: Nur weil postfaktisch Wort des Jahres ist, müsst ihr nicht gleich so handeln! Facts zu Afg.: 
314;8.29E+22;4;-1;;Glückwunsch: Die Saalkirche Sankt Nikolai in Schwanefeld bei Oebisfelde ist die schönste in Deutschland! <U+26EA><U+FE0F> 1<U+FE0F><U+20E3> 
315;8.29E+22;4;-1;;Meine größte Freude: every Second counts! Beitrag von Australien auch super!
316;8.30E+22;4;-1;;Super! Frauen aus SH - kommt nach Lübeck! 
317;8.30E+21;4;-1;;Fest der Kulturen statt #AfD-Parteitag in #Köln! Super Vorschlag der roten Funken! 
318;8.30E+22;4;-1;;Fest der Kulturen statt #AfD-Parteitag in #Köln! Super Vorschlag der roten Funken! 
319;8.30E+22;4;-1;;Sehr gut! Bezirk Mitte hat als erster Berliner Bezirk den Entwurf von Leitlinien für #Bürgerbeteiligung erarbeitet. 
320;8.30E+22;4;-1;;An #Trump sieht man auch eines sehr schön: Was für in jeder Beziehung niveauvolle Politiker wir bei uns immer noch haben.
321;8.30E+22;4;-1;;Wow! Herzlichen Glückwunsch! <ed><U+00A0><U+00BD><ed><U+00B1><U+008D> 
322;8.30E+22;4;-1;;Der @frank_thelen ist bekennender Fan der Kanzlerin. Schön zu hören! Ich auch!  #moma #wahlmann
323;8.30E+22;4;-1;1;Sehr gut, Solidarität und Protest lohnen sich! 
324;8.30E+22;4;-1;;Schön dass ihr in #Leipzig ward! 
325;8.30E+22;4;-1;;In diesem Sinne: schönes Wochenende! 
326;8.30E+22;4;-1;;@MartinSchulz sehr gut!
327;8.30E+22;4;-1;;Wow! @HumboldtUni wandelt Kündigung gegen Andrej #Holm in Abmahnung um, weil er Falschangaben bedauert. #holmbleibt 
328;8.30E+22;4;-1;;Einer von vielen Neuen in unserer Mitte und besonders erfreulich: Genosse Trend ist wieder da <f0><U+009F><U+0091><U+008D><f0><U+009F><U+0091><U+008D><f0><U+009F><U+0091><U+008D>#jetztistschulz #WirMachenDas
329;8.30E+22;4;-1;;Pflege geht uns alle an! #100TageR2G @dilkol @spdberlin @senfin @claudiasuender 
330;8.30E+22;4;-1;1;Wow! Wir sind 2000 Menschen gegen Abschiebungen nach Afghanistan! #keinSicheresLand #Abschiebestopp 
331;8.30E+22;4;-1;;#meinPräsident trinkt auch Mal ein #Härke in #Peine <ed><U+00A0><U+00BD><ed><U+00B8><U+0089>. Glück auf Frank-Walter Steinmeier! 
332;8.30E+21;4;-1;;@Schmidtlepp @spdberlin naja, klingt nach Ausrede und macht es nich ungeschehen
333;8.30E+22;4;-1;1;@MatthiasHauer Du hast alles gesagt. Es ist wirklich eine sehr große Ehre und ich bin sehr stolz darauf.
334;8.30E+22;4;-1;;147 grüne Wahlfrauen und Wahlmänner am Vorabend der #Bundesversammlung. Schön, hier zu sein! 
335;8.30E+22;4;-1;;Die SPD-Bundestagsfraktion am Vorabend der Bundesversammlung. @MartinSchulz lobt @Steinmeier_F_W - gute Stimmung! 
336;8.31E+22;4;-1;;#MeinPräsident - schön, dass ich dabei bin! 
337;8.31E+22;4;-1;;Eine großartige Abendveranstaltung der SPD Fraktion heute Abend. Aber besonders schön, mit meinem Schatz Michaela... 
338;8.31E+22;4;-1;;@duerbrook macht echt spaß!
339;8.31E+22;4;-1;;Gestern sehr fröhliches Zusammentreffen der sozialdemokratischen Familie aus Bund, Ländern+Kommunen sowie Freunden aus Gesellschaft+Kultur.
340;8.31E+22;4;-1;;Spott ist für Narzissten die Höchststrafe...  Zu schön! 
341;8.31E+22;4;-1;1;#meinPräsident! Ich bin so stolz! 
342;8.31E+22;4;-1;;Hübsch, liebe Bundestagsregie. Sendet folgendes Bild als Lammert mahnt: Weltoffenheit statt Abschottung #afd 
343;8.31E+22;4;-1;;Sehr schön. 
344;8.31E+22;4;-1;;Fränkische Frauen! Einfach schön! #bundesversammlung 
345;8.31E+22;4;-1;1;So ein schöner Tag! Herzlichen Glückwunsch #meinpräsident #Bundesversammlung @spd0711 
346;8.31E+22;4;-1;;@AluGerMan @BundesstadtBonn @ekir_de Super! Heute gehört Oberkassel zu Beuel, wo seit 1555 evangelische Gottesdienste gefeiert wurden
347;8.31E+22;4;-1;;16. Bundesversammlungen sind wichtig. 87. Geburtstage auch. Allen noch einen schönen Restsonntag!
348;8.31E+22;4;-1;;Zurück zu Hause - #Bundesversammlung war schön, #Neuruppin ist schöner!
349;8.31E+22;4;-1;;#MeinPräsident  Die Rede von Frank-Walter Steinmeier hat mich sehr beeindruckt! 
350;8.31E+22;4;-1;;Moin! Nach Woche im Norden und Wochenende mit Jahresempfang der SPD RD-ECK u. Bundesversammlung nun 5 Tage in Berlin. Schöne Woche allen!
351;8.31E+22;4;-1;;Bin #NorbertLammert  für seine klaren Worte sehr dankbar! 
352;8.31E+22;4;-1;1;Sehr guter Artikel von Georg Mascolo zur Arbeit des @nsaua heute in der @SZ, lesenswert! @spdbt @BayernSPD 
353;8.31E+22;4;-1;;Gefällt mir sehr gut - könnte ich meinem Mann ähnlich sagen! 
354;8.31E+22;4;-1;;@KeineAFD2017 ich bin ganz fröhlich! Bleiben Sie das auch!
355;8.31E+22;4;-1;;Wunderbar! #Schulz-Hype Der #Trump aus #Würselen: Das Faible für Pleiteprojekte, Flüge im Privatjet u.ä. 
356;8.31E+22;4;-1;;SCHÖN!!! 
357;8.31E+22;4;-1;;Die @washingtonpost macht dem neuen Buprä FW #Steinmeier ein wirklich schönes Kompliment @spdbt @spdde @BayernSPD 
358;8.31E+22;4;-1;;Die @washingtonpost macht dem neuen Buprä FW #Steinmeier ein wirklich schönes Kompliment @spdbt @spdde @BayernSPD 
359;8.31E+22;4;-1;;War schon sehr seltsam, dass nach 6 Wochen keine Anzeige erfolgt war - bin auf die Ermittlungen gespannt! 
360;8.31E+22;4;-1;;Wunderschöner morgendlicher Blick auf meinen Arbeitsplatz! 
361;8.31E+22;4;-1;;Hurra, wir leben noch! #fdp 
362;8.31E+21;4;-1;;Schönen #Valentinstag! Mach Deiner oder Deinem Liebsten eine Freude und schick ihr diesen Link: ! <U+2764><U+FE0F> 
363;8.31E+22;4;-1;;Schönen #Valentinstag! Mach Deiner oder Deinem Liebsten eine Freude und schick ihr diesen Link: ! <U+2764><U+FE0F> 
364;8.31E+22;4;-1;;@amfalder @SvenPetke @dr_tiemann @GoetzHP @DanielSauer73 @DieEnte_BB Schönes Foto!
365;8.31E+22;4;-1;;Liebe @BriHasselmann, wichtig ist es ja, nicht sieben Monate vor der Wahl, sondern am Wahlabend richtig Grund zur Fröhlichkeit zu haben! <f0><U+009F><U+0098><U+008E><f0><U+009F><U+008D><U+00BE><f0><U+009F><U+008E><U+0089>
366;8.31E+22;4;-1;;Schönen #Valentinstag! Mach Deiner oder Deinem Liebsten eine Freude und schick ihr diesen Link: ! <U+2764><U+FE0F> 
367;8.31E+22;4;-1;;Super für NRW: Projekt Schule ohne #Rassismus wird weitergeführt und ausgeweitet! Danke @SylviaLoehrmann!  via @wdr
368;8.32E+22;4;-1;;Eintreten und wohlfühlen! 
369;8.32E+22;4;-1;;Schönen #Valentinstag! Mach Deiner oder Deinem Liebsten eine Freude und schick ihr diesen Link: ! <U+2764><U+FE0F> 
370;8.32E+22;4;-1;;Schöne bissige Karikatur! 
371;8.32E+22;4;-1;;Erstaunlich von der BILD eine solche Entschuldigung! 
372;8.32E+22;4;-1;;Schönen #Valentinstag! Von mir und der #SPD <ed><U+00A0><U+00BD><ed><U+00B8><U+008D> 
373;8.32E+22;4;-1;;Schönen #Valentinstag! Mach Deiner oder Deinem Liebsten eine Freude und schick ihr diesen Link: ! <U+2764><U+FE0F> 
374;8.32E+22;4;-1;;@Johannes_Goerz Sehr gut! Mache ich auch. #verschwendenieDeineLebenszeitundEnergieanIdioten :-)
375;8.32E+22;4;-1;;Schönen #Valentinstag! Mach Deiner oder Deinem Liebsten eine Freude und schick ihr diesen Link: ! <U+2764><U+FE0F> 
376;8.32E+22;4;-1;;Schönen #Valentinstag! Mach Deiner oder Deinem Liebsten eine Freude und schick ihr diesen Link: ! <U+2764><U+FE0F> 
377;8.32E+22;4;-1;;Ach, war das schön! One Billion Rising - Eine Milliarde erhebt sich - und wir mittendrin. Rathenow als ein... 
378;8.32E+22;4;-1;;Sehr guter Beitrag von Wolfgang Hübner! 
379;8.32E+22;4;-1;;Eine tolle Aktion! Danke Herr Ohlwein für die schönen Aufnahmen und die Präsentation! 
380;8.32E+22;4;-1;;Zu Recht. Das wird gut und erfolgreich bei der Landtagswahl 2018 in Niedersachsen! @althusmann 
381;8.32E+22;4;-1;;Schönen #Valentinstag! Mach Deiner oder Deinem Liebsten eine Freude und schick ihr diesen Link: ! <U+2764><U+FE0F> 
382;8.32E+22;4;-1;;Erfreulich: So ganz ohne #Programm finden die Menschen dann doch nicht so #vertrauenserweckend! @spdbt @cducsubt 
383;8.32E+22;4;-1;;SUPER, da hatte sich die @spdbt und die @spdde lange für eingesetzt - gut, dass es jetzt umgesetzt wird! 
384;8.32E+22;4;-1;;Sehr gut! @cducsubt 
385;8.32E+22;4;-1;;Sehr schön, ein Kompromiss ist da &amp
386;8.32E+22;4;-1;;Wir sind sehr froh, das #holmbleibt! Es gibt viel zu tun. #r2g 
387;8.32E+22;4;-1;;Glückwunsch liebe @KathaSchulze Lass uns gemeinsam die Erde begrünen! 
388;8.32E+22;4;-1;;Kaum ist #Schulz weg aus Brüssel, schon gibt es eine erfolgreiche Abstimmung im EU-Parlament! 
389;8.32E+22;4;-1;;<ed><U+00A0><U+00BD><ed><U+00B2><U+009A>lichen Glückwunsch, liebe @KathaSchulze, zur Wahl als Fraktionsvorsitzende der @GrueneLandtagBY! #ltby #gogreen 
390;8.32E+21;4;-1;;Sehr schöne Veranstaltung mit meiner Kollegin Kathrin Wagner-Bockey in Geesthacht. 120 Leute da - gute Diskussion.#WirMachenDas
391;8.32E+22;4;-1;;Herzlich Willkommen bei uns in der @spdde  Bundestagsfraktion liebe Angelika! 
392;8.32E+22;4;-1;;Schöne Flanke von @philipplahm und @lewy_official nickt ein! SO WICHTIG! #MiaSanMia #FCBARS 2-1 
393;8.32E+22;4;-1;;5-1! Einfach nur WOW! #FCBARS #MiaSanMia 
394;8.32E+22;4;-1;;@JSberlich @Seehofer Super! Dann wirds ne überschäumende Wechselstimmung geben
395;8.32E+22;4;-1;;@Gruene_Europa @BriHasselmann @sven_giegold na, das ist mal ein Abstimmungsergebnis der CDU, auf das man stolz sein kann!@bueti @JanAlbrecht
396;8.32E+22;4;-1;;Besuch aus der Heimat ist doch immer am schönsten! 
397;8.32E+22;4;-1;;Der Beitrag sehr gut und die Kommentare dazu sehr entlarvend! #gleichberechtigung 
398;8.32E+22;4;-1;;@eloy Aber der Reichstag ist doch ein sehr schönes Gebäude.
399;8.32E+22;4;-1;;Die Milchkampagne von @bioland_de: Leckeres Produkt und tiergerechte Haltung. Das ist bio! #Biofach 
400;8.32E+22;4;-1;;FREUDE - der Frühling scheint zu kommen! 
